,DEPT,GR,DT,RHOB,ILD,SP,CALD,DRHO
0,-1.6937260511130807,-0.6834712320692037,-0.7392542921395351,0.4799416558813146,1.2553232154459046,-0.11406534724398608,0.6284155785206359,-0.38696924401030125
1,-1.6937260511130807,-0.6834712320692037,-0.7392542921395351,0.4799416558813146,1.2553232154459046,-0.11406534724398608,0.6284155785206359,-0.38696924401030125
2,-1.6937260511130807,-0.6834712320692037,-0.7392542921395351,0.4799416558813146,1.2553232154459046,-0.11406534724398608,0.6284155785206359,-0.38696924401030125
3,-1.6937260511130807,-0.6834712320692037,-0.7392542921395351,0.4799416558813146,1.2553232154459046,-0.11406534724398608,0.6284155785206359,-0.38696924401030125
4,-1.6937260511130807,-0.6834712320692037,-0.7392542921395351,0.4799416558813146,1.2553232154459046,-0.11406534724398608,0.6284155785206359,-0.38696924401030125
5,-1.6937260511130807,-0.6834712320692037,-0.7392542921395351,0.4799416558813146,1.2553232154459046,-0.11406534724398608,0.6284155785206359,-0.38696924401030125
6,-1.6936443443293805,-0.6831910356659533,-0.7392542921395351,0.4799416558813146,1.2553232154459046,-0.11406534724398608,0.6284155785206359,-0.38696924401030125
7,-1.687530104819166,-0.6439635392109055,-0.7392542921395351,0.4799416558813146,1.2553232154459046,-0.11406534724398608,0.6284155785206359,-0.38696924401030125
8,-1.6814158653089517,-0.5856826873348345,-0.7392542921395351,0.4799416558813146,1.2553232154459046,-0.11406534724398608,0.6284155785206359,-0.38696924401030125
9,-1.6753016257987372,-0.5475759764927881,-0.7392542921395351,0.4799416558813146,1.2553232154459046,-0.11406534724398608,0.6284155785206359,-0.38696924401030125
10,-1.669187386288523,-0.5355275311530234,-0.7392542921395351,0.4799416558813146,1.2553232154459046,-0.11406534724398608,0.6284155785206359,-0.38696924401030125
11,-1.6630731467783086,-0.5083484800377404,-0.7392542921395351,0.4799416558813146,1.2553232154459046,-0.11406534724398608,0.6284155785206359,-0.38696924401030125
12,-1.6569589072680941,-0.5198365325710044,-0.7392542921395351,0.4799416558813146,1.2553232154459046,-0.11406534724398608,0.6284155785206359,-0.38696924401030125
13,-1.6508446677578799,-0.579518366463327,-0.7392542921395351,0.4799416558813146,1.2553232154459046,-0.11406534724398608,0.6284155785206359,-0.38696924401030125
14,-1.6447304282476654,-0.5963301506583475,-0.7392542921395351,0.4799416558813146,1.2553232154459046,-0.11406534724398608,0.6284155785206359,-0.38696924401030125
15,-1.638616188737451,-0.5576630470098004,-0.7392542921395351,0.4799416558813146,1.2553232154459046,-0.11406534724398608,0.6284155785206359,-0.38696924401030125
16,-1.6325019492272368,-0.5372087095725254,-0.7392542921395351,0.4799416558813146,1.2553232154459046,-0.11406534724398608,0.6284155785206359,-0.38696924401030125
17,-1.6263877097170223,-0.5145128009092478,-0.7392542921395351,0.4799416558813146,1.2553232154459046,-0.11406534724398608,0.6284155785206359,-0.38696924401030125
18,-1.620273470206808,-0.49349807066547224,-0.7392542921395351,0.4799416558813146,1.2553232154459046,-0.11406534724398608,0.6284155785206359,-0.38696924401030125
19,-1.6141592306965935,-0.5103098548604927,-0.7392542921395351,0.4799416558813146,1.2553232154459046,-0.11406534724398608,0.6284155785206359,-0.38696924401030125
20,-1.6080449911863792,-0.5514987261382929,-0.7392542921395351,0.4799416558813146,1.2553232154459046,-0.11406534724398608,0.6284155785206359,-0.38696924401030125
21,-1.601930751676165,-0.5332859599270207,-0.7392542921395351,0.4799416558813146,1.2553232154459046,-0.11406534724398608,0.6284155785206359,-0.38696924401030125
22,-1.5958165121659504,-0.5187157469580029,-0.7392542921395351,0.4799416558813146,1.2553232154459046,-0.11406534724398608,0.6284155785206359,-0.38696924401030125
23,-1.5897022726557362,-0.5498175477187908,-0.7392542921395351,0.4799416558813146,1.2553232154459046,-0.11406534724398608,0.6284155785206359,-0.38696924401030125
24,-1.5835880331455217,-0.5400106736050289,-0.7392542921395351,0.4799416558813146,1.2553232154459046,-0.11406534724398608,0.6284155785206359,-0.38696924401030125
25,-1.5774737936353074,-0.4940584634719729,-0.7392542921395351,0.4799416558813146,1.2553232154459046,-0.11406534724398608,0.6284155785206359,-0.38696924401030125
26,-1.571359554125093,-0.4671596087599401,-0.7392542921395351,0.4799416558813146,1.2553232154459046,-0.11406534724398608,0.6284155785206359,-0.38696924401030125
27,-1.5652453146148786,-0.485092178567962,-0.7392542921395351,0.4799416558813146,1.2553232154459046,-0.11406534724398608,0.6284155785206359,-0.38696924401030125
28,-1.5591310751046643,-0.5512185297350425,-0.7392542921395351,0.4799416558813146,1.2553232154459046,-0.11406534724398608,0.6284155785206359,-0.38696924401030125
29,-1.5530168355944498,-0.5702718851560657,-0.7392542921395351,0.4799416558813146,1.2553232154459046,-0.11406534724398608,0.6284155785206359,-0.38696924401030125
30,-1.5469025960842355,-0.5304839958945173,-0.7392542921395351,0.4799416558813146,1.2553232154459046,-0.11406534724398608,0.6284155785206359,-0.38696924401030125
31,-1.5407883565740212,-0.4985416059239784,-0.7392542921395351,0.4799416558813146,1.2553232154459046,-0.11406534724398608,0.6284155785206359,-0.38696924401030125
32,-1.5346741170638067,-0.4425023252739101,-0.7392542921395351,0.4799416558813146,1.2553232154459046,-0.11406534724398608,0.6284155785206359,-0.38696924401030125
33,-1.5285598775535925,-0.3704918496385724,-0.7392542921395351,0.4799416558813146,1.2553232154459046,-0.11406534724398608,0.6284155785206359,-0.38696924401030125
34,-1.522445638043378,-0.35676222587930567,-0.7392542921395351,0.4799416558813146,1.2553232154459046,-0.11406534724398608,0.6284155785206359,-0.38696924401030125
35,-1.5163313985331637,-0.41168072091637253,-0.7392542921395351,0.4799416558813146,1.2553232154459046,-0.11406534724398608,0.6284155785206359,-0.38696924401030125
36,-1.5102171590229494,-0.4708021620021946,-0.7392542921395351,0.4799416558813146,1.2553232154459046,-0.11406534724398608,0.6284155785206359,-0.38696924401030125
37,-1.504102919512735,-0.4635170555176857,-0.7392542921395351,0.4799416558813146,1.2553232154459046,-0.11406534724398608,0.6284155785206359,-0.38696924401030125
38,-1.4979886800025206,-0.41027973890012087,-0.7392542921395351,0.4799416558813146,1.2553232154459046,-0.11406534724398608,0.6284155785206359,-0.38696924401030125
39,-1.491874440492306,-0.427651915901642,-0.7392542921395351,0.4799416558813146,1.2553232154459046,-0.11406534724398608,0.6284155785206359,-0.38696924401030125
40,-1.4857602009820918,-0.45483096701692516,-0.7392542921395351,0.4799416558813146,1.2553232154459046,-0.11406534724398608,0.6284155785206359,-0.38696924401030125
41,-1.4796459614718775,-0.39094618707584733,-0.7392542921395351,0.4799416558813146,1.2553232154459046,-0.11406534724398608,0.6284155785206359,-0.38696924401030125
42,-1.473531721961663,-0.3887046158498445,-0.7392542921395351,0.09958922087886438,1.2553232154459046,-0.11406534724398608,0.6284155785206359,-0.6380122203876935
43,-1.4674174824514488,-0.4985416059239784,-0.7392542921395351,-0.09058699662236495,1.2553232154459046,-0.11406534724398608,0.6284155785206359,-0.7635337085763897
44,-1.4613032429412343,-0.5862430801413352,-0.7392542921395351,-0.09058699662236495,1.2553232154459046,-0.11406534724398608,0.6284155785206359,-0.7635337085763897
45,-1.45518900343102,-0.6030548643363557,-0.7392542921395351,-0.09058699662236495,1.2553232154459046,-0.11406534724398608,0.6284155785206359,-0.6380122203876935
46,-1.4490747639208057,-0.6218280233541285,-0.7392542921395351,-0.09058699662236495,1.2553232154459046,-0.11406534724398608,0.6284155785206359,-0.7635337085763897
47,-1.4429605244105912,-0.623789398176881,-0.7392542921395351,0.09958922087886438,1.2553232154459046,-0.11406534724398608,0.6284155785206359,-0.7635337085763897
48,-1.436846284900377,-0.5907262225933406,-0.7392542921395351,0.09958922087886438,1.2553232154459046,-0.11406534724398608,0.6284155785206359,-0.7635337085763897
49,-1.4307320453901624,-0.5896054369803393,-0.7392542921395351,0.2897654383800853,1.2553232154459046,-0.11406534724398608,0.6284155785206359,-0.7635337085763897
50,-1.4246178058799481,-0.6291131298386374,-0.7392542921395351,0.4799416558813146,1.2553232154459046,-0.11406534724398608,0.6284155785206359,-0.7635337085763897
51,-1.4185035663697338,-0.6128617384501176,-0.7392542921395351,0.6701178733825355,1.2553232154459046,-0.11406534724398608,0.6284155785206359,-0.6380122203876935
52,-1.4123893268595193,-0.5377691023790261,-0.7392542921395351,0.8602940908837649,1.2553232154459046,-0.11406534724398608,0.6284155785206359,-0.5124907321989974
53,-1.406275087349305,-0.43998055764465704,-0.7392542921395351,0.6701178733825355,1.2553232154459046,-0.11406534724398608,0.6284155785206359,-0.5124907321989974
54,-1.4001608478390906,-0.4069173820611168,-0.7392542921395351,0.6701178733825355,1.2553232154459046,-0.11406534724398608,0.6284155785206359,-0.5124907321989974
55,-1.3940466083288763,-0.43101427274064613,-0.7392542921395351,0.6701178733825355,1.2553232154459046,-0.11406534724398608,0.6284155785206359,-0.6380122203876935
56,-1.387932368818662,-0.41700445257812907,-0.7392542921395351,0.6701178733825355,1.2553232154459046,-0.11406534724398608,0.6284155785206359,-0.6380122203876935
57,-1.3818181293084475,-0.35396026184680224,-0.7392542921395351,0.8602940908837649,1.2553232154459046,-0.11406534724398608,0.6284155785206359,-0.6380122203876935
58,-1.3757038897982332,-0.3508781014110485,-0.7392542921395351,1.0504703083849858,1.2553232154459046,-0.11406534724398608,0.6284155785206359,-0.5124907321989974
59,-1.3695896502880187,-0.439139968434906,-0.7392542921395351,1.0504703083849858,1.2553232154459046,-0.11406534724398608,0.6284155785206359,-0.5124907321989974
60,-1.3634754107778044,-0.5187157469580029,-0.7392542921395351,0.8602940908837649,1.2553232154459046,-0.11406534724398608,0.6284155785206359,-0.5124907321989974
61,-1.3573611712675901,-0.4957396418914749,-0.7392542921395351,0.4799416558813146,1.2553232154459046,-0.11406534724398608,0.6284155785206359,-0.5124907321989974
62,-1.3512469317573756,-0.4520290029844217,-0.7392542921395351,0.09958922087886438,1.2553232154459046,-0.11406534724398608,0.6284155785206359,-0.6380122203876935
63,-1.3451326922471614,-0.4963000346979757,-0.7392542921395351,0.09958922087886438,1.2553232154459046,-0.11406534724398608,0.6284155785206359,-0.6380122203876935
64,-1.3390184527369469,-0.5475759764927881,-0.7392542921395351,-0.09058699662236495,1.2553232154459046,-0.11406534724398608,0.6039822223510416,-0.6380122203876935
65,-1.3329042132267326,-0.5167543721352506,-0.7392542921395351,-0.28076321412358585,1.2553232154459046,-0.11406534724398608,0.6284155785206359,-0.6380122203876935
66,-1.3267899737165183,-0.50806828363449,-0.7392542921395351,-0.28076321412358585,1.2553232154459046,-0.11406534724398608,0.6284155785206359,-0.5124907321989974
67,-1.3206757342063038,-0.5565422613967991,-0.7392542921395351,-0.28076321412358585,1.2553232154459046,-0.11406534724398608,0.6284155785206359,-0.38696924401030125
68,-1.3145614946960895,-0.5711124743658168,-0.7392542921395351,-0.09058699662236495,1.2553232154459046,-0.11406534724398608,0.6284155785206359,-0.26144775582160507
69,-1.308447255185875,-0.5355275311530234,-0.7392542921395351,-0.09058699662236495,1.2553232154459046,-0.11406534724398608,0.6284155785206359,-0.38696924401030125
70,-1.3023330156756607,-0.5184355505547527,-0.7392542921395351,-0.09058699662236495,1.2553232154459046,-0.11406534724398608,0.6284155785206359,-0.5124907321989974
71,-1.2962187761654465,-0.5478561728960385,-0.7392542921395351,-0.09058699662236495,1.2553232154459046,-0.11406534724398608,0.6284155785206359,-0.5124907321989974
72,-1.290104536655232,-0.5461749944765364,-0.7392542921395351,0.09958922087886438,1.2553232154459046,-0.11406534724398608,0.6284155785206359,-0.38696924401030125
73,-1.2839902971450177,-0.5240394786197594,-0.7392542921395351,0.2897654383800853,1.2553232154459046,-0.11406534724398608,0.6284155785206359,-0.26144775582160507
74,-1.2778760576348032,-0.5430928340407827,-0.7392542921395351,0.2897654383800853,1.2553232154459046,-0.11406534724398608,0.6284155785206359,-0.13592626763290888
75,-1.2717618181245889,-0.5512185297350425,-0.7392542921395351,0.09958922087886438,1.2553232154459046,-0.11406534724398608,0.6284155785206359,-0.26144775582160507
76,-1.2656475786143746,-0.6198666485313761,-0.7392542921395351,-0.09058699662236495,1.2553232154459046,-0.11406534724398608,0.6284155785206359,-0.26144775582160507
77,-1.25953333910416,-0.6834712320692037,-0.7392542921395351,0.09958922087886438,1.2553232154459046,-0.11406534724398608,0.6284155785206359,-0.26144775582160507
78,-1.2534190995939458,-0.6335962722906429,-0.7392542921395351,0.2897654383800853,1.2553232154459046,-0.11406534724398608,0.6284155785206359,-0.38696924401030125
79,-1.2473048600837313,-0.5363681203627745,-0.7392542921395351,0.4799416558813146,1.2553232154459046,-0.11406534724398608,0.6284155785206359,-0.5124907321989974
80,-1.241190620573517,-0.5002227843434803,-0.7392542921395351,0.8602940908837649,1.2553232154459046,-0.11406534724398608,0.6284155785206359,-0.6380122203876935
81,-1.2350763810633028,-0.531044388701018,-0.805478976058362,1.0504703083849858,1.2553232154459046,-0.11406534724398608,0.6284155785206359,-0.7635337085763897
82,-1.2289621415530882,-0.519556336167754,-0.86292689463855,1.2406465258862152,1.2553232154459046,-0.11406534724398608,0.6284155785206359,-0.7635337085763897
83,-1.222847902042874,-0.45623194903317676,-0.8693099967030151,1.0504703083849858,1.2553232154459046,-0.11406534724398608,0.6284155785206359,-0.7635337085763897
84,-1.2167336625326595,-0.4052362036416148,-0.8836719763480619,0.4799416558813146,1.2553232154459046,-0.11406534724398608,0.6284155785206359,-0.7635337085763897
85,-1.2106194230224452,-0.3985114899636065,-0.908406496847865,0.2897654383800853,1.2553232154459046,-0.11406534724398608,0.6284155785206359,-0.8890551967650858
86,-1.204505183512231,-0.4237291662561372,-0.8820762008319454,0.09958922087886438,1.2553232154459046,-0.11406534724398608,0.6284155785206359,-0.7635337085763897
87,-1.1983909440020164,-0.41336189933587464,-0.8589374558482589,0.4799416558813146,1.2553232154459046,-0.11406534724398608,0.6284155785206359,-0.7635337085763897
88,-1.1922767044918021,-0.34611476255579265,-0.8732994354933057,1.2406465258862152,1.2553232154459046,-0.11406534724398608,0.6284155785206359,-0.5124907321989974
89,-1.1861624649815876,-0.15165845870005576,-0.9275558030412604,1.6209989608886652,1.2553232154459046,-0.11406534724398608,0.6284155785206359,-0.5124907321989974
90,-1.1800482254713733,0.1358230510347944,-0.9905889359278548,1.6209989608886652,1.2553232154459046,-0.11406534724398608,0.6284155785206359,-0.5124907321989974
91,-1.173933985961159,0.14591012155180666,-1.0480368545080427,1.4308227433874359,1.2553232154459046,-0.11406534724398608,0.6284155785206359,-0.38696924401030125
92,-1.1678197464509446,-0.1735137781535824,-1.091602604203957,1.2406465258862152,1.2553232154459046,-0.11406534724398608,0.6284155785206359,-0.13592626763290888
93,-1.1617055069407303,-0.4523091993876721,-1.091602604203957,1.0504703083849858,1.2553232154459046,-0.11406534724398608,0.6039822223510416,0.11511670874448346
94,-1.1555912674305158,-0.5005029807467307,-1.0432495279596936,1.0504703083849858,1.2553232154459046,-0.11406534724398608,0.6284155785206359,0.36615968512187563
95,-1.1494770279203015,-0.38450166980108946,-0.9267579152832024,1.0504703083849858,1.2553232154459046,-0.11406534724398608,0.6284155785206359,0.24063819693317953
96,-1.1433627884100872,-0.23039364801340173,-0.7911169964133152,0.6701178733825355,1.2553232154459046,-0.11406534724398608,0.6284155785206359,-0.0104047794442128
97,-1.1372485488998727,-0.22030657749638946,-0.759999373849047,0.2897654383800853,1.2553232154459046,-0.11406534724398608,0.6284155785206359,-0.26144775582160507
98,-1.1311343093896584,-0.3220178718762633,-0.8397881496548629,0.09958922087886438,1.2553232154459046,-0.11406534724398608,0.6284155785206359,-0.5124907321989974
99,-1.125020069879444,-0.3741344028808268,-0.9060128335736904,0.2897654383800853,1.2553232154459046,-0.11406534724398608,0.6284155785206359,-0.6380122203876935
100,-1.1189058303692296,-0.38954520505959556,-0.9538860990571795,0.4799416558813146,1.2553232154459046,-0.11406534724398608,0.6284155785206359,-0.5124907321989974
101,-1.1127915908590154,-0.4043956144318637,-0.9451093337185398,0.6701178733825355,1.2553232154459046,-0.11406534724398608,0.6284155785206359,-0.38696924401030125
102,-1.1066773513488009,-0.4156034705618773,-0.9634607521538777,0.8602940908837649,1.2553232154459046,-0.11406534724398608,0.6284155785206359,-0.5124907321989974
103,-1.1005631118385866,-0.43998055764465704,-1.0288875483146467,0.8602940908837649,1.2553232154459046,-0.11406534724398608,0.6284155785206359,-0.6380122203876935
104,-1.094448872328372,-0.4503478245649197,-1.0488347422661006,1.0504703083849858,1.2553232154459046,-0.11406534724398608,0.6039822223510416,-0.5124907321989974
105,-1.0883346328181578,-0.4214875950301345,-1.0791544770723103,1.4308227433874359,1.2553232154459046,-0.11406534724398608,0.6039822223510416,-0.38696924401030125
106,-1.0822203933079435,-0.3929075618985997,-1.091602604203957,1.6209989608886652,1.2553232154459046,-0.11406534724398608,0.6284155785206359,-0.38696924401030125
107,-1.076106153797729,-0.4256905410788896,-1.091602604203957,1.4308227433874359,1.2553232154459046,-0.11406534724398608,0.6284155785206359,-0.5124907321989974
108,-1.0699919142875147,-0.4556715562266761,-1.091602604203957,1.0504703083849858,1.2553232154459046,-0.11406534724398608,0.6284155785206359,-0.6380122203876935
109,-1.0638776747773002,-0.4240093626593876,-1.091602604203957,0.8602940908837649,1.2553232154459046,-0.11406534724398608,0.6284155785206359,-0.6380122203876935
110,-1.057763435267086,-0.4049560072383644,-1.091122793443183,0.8602940908837649,1.2553232154459046,-0.11406534724398608,0.6284155785206359,-0.38696924401030125
111,-1.0516491957568717,-0.439139968434906,-1.034472762621054,0.4799416558813146,1.0331817527650646,-0.11406534724398608,0.6284155785206359,-0.26144775582160507
112,-1.0455349562466572,-0.46463784113068707,-0.9873973848956222,0.09958922087886438,0.8295520786409615,-0.11406534724398608,0.6284155785206359,-0.26144775582160507
113,-1.0394207167364429,-0.46800019796969117,-0.9427156704443658,-0.28076321412358585,0.6174598726052067,-0.11406534724398608,0.6284155785206359,-0.26144775582160507
114,-1.0333064772262284,-0.46211607350143397,-0.8852677518641779,-0.09058699662236495,0.4196481891703636,-0.11406534724398608,0.6284155785206359,-0.13592626763290888
115,-1.027192237716014,-0.3662889035898173,-0.8509585782676772,0.09958922087886438,0.23135685413612753,-0.11406534724398608,0.6284155785206359,0.11511670874448346
116,-1.0210779982057998,-0.2648578056131936,-0.8062768638164207,0.09958922087886438,0.05417259223593351,-0.11406534724398608,0.6284155785206359,0.24063819693317953
117,-1.0149637586955853,-0.31809512223075853,-0.7304775268008954,-0.47093943162481516,-0.0785833771280923,-0.11406534724398608,0.6284155785206359,-0.0104047794442128
118,-1.008849519185371,-0.39963227557660785,-0.6658486183981844,-0.661115649126036,-0.1859517507571651,-0.11406534724398608,0.6284155785206359,-0.26144775582160507
119,-1.0027352796751567,-0.3643275287670649,-0.622762679463044,-0.47093943162481516,-0.25259418956141705,-0.11406534724398608,0.6284155785206359,-0.38696924401030125
120,-0.9966210401649422,-0.18640281270309814,-0.6905831388979875,-0.28076321412358585,-0.28750213369697786,-0.11406534724398608,0.6284155785206359,-0.5124907321989974
121,-0.9905068006547278,-0.05443030677218734,-0.7536162717845819,0.09958922087886438,-0.3234678943214948,-0.11406534724398608,0.6284155785206359,-0.5124907321989974
122,-0.9843925611445136,-0.09954192769549228,-0.7456373942040002,0.2897654383800853,-0.3615492879239245,-0.11406534724398608,0.6284155785206359,-0.6380122203876935
123,-0.9782783216342992,-0.13596746011803676,-0.7185092104300231,0.2897654383800853,-0.40227522274874533,-0.11406534724398608,0.6284155785206359,-0.6380122203876935
124,-0.9721640821240848,-0.16454749324957146,-0.6873915878657549,0.2897654383800853,-0.4398277081066966,-0.11406534724398608,0.6284155785206359,-0.7635337085763897
125,-0.9660498426138704,-0.24552425378892012,-0.6570718530595447,0.09958922087886438,-0.46785984506404077,-0.11406534724398608,0.6039822223510416,-0.7635337085763897
126,-0.959935603103656,-0.32874258555427155,-0.6155816896405208,0.2897654383800853,-0.4810825511759955,-0.11406534724398608,0.6284155785206359,-0.7635337085763897
127,-0.9538213635934417,-0.2771864473562088,-0.5876556181084852,0.6701178733825355,-0.48214036766495205,-0.11406534724398608,0.6284155785206359,-0.5124907321989974
128,-0.9477071240832273,-0.15782277957156343,-0.601219709995474,0.6701178733825355,-0.4742067439977793,-0.11406534724398608,0.6284155785206359,-0.5124907321989974
129,-0.9415928845730129,-0.17827711700883825,-0.6291457815275097,0.4799416558813146,-0.4588684049079118,-0.11406534724398608,0.6284155785206359,-0.38696924401030125
130,-0.9354786450627985,-0.250287592644176,-0.6698380571884756,0.4799416558813146,-0.43348080917295845,-0.11406534724398608,0.6039822223510416,-0.38696924401030125
131,-0.9293644055525841,-0.25421034228968076,-0.6826042613174058,0.2897654383800853,-0.40491976397113616,-0.11406534724398608,0.6284155785206359,-0.38696924401030125
132,-0.9232501660423699,-0.19536909760710905,-0.6435077611725565,-0.09058699662236495,-0.37688762701379197,-0.11406534724398608,0.6284155785206359,-0.5124907321989974
133,-0.9171359265321555,-0.12363881837502162,-0.6155816896405208,-0.09058699662236495,-0.3467398570785351,-0.11406534724398608,0.6284155785206359,-0.6380122203876935
134,-0.9110216870219411,-0.05555109238518868,-0.5972302712051829,-0.09058699662236495,-0.31447645416536546,-0.13023375661061198,0.6284155785206359,-0.6380122203876935
135,-0.9049074475117267,-7.220454162119063e-05,-0.5693041996731478,0.2897654383800853,-0.2790396017853266,-0.1564377304116952,0.6284155785206359,-0.5124907321989974
136,-0.8987932080015123,-0.04518382546492613,-0.557335883302275,0.4799416558813146,-0.2245620526040729,-0.1887745491449469,0.6284155785206359,-0.5124907321989974
137,-0.892678968491298,-0.12335862197177133,-0.5693041996731478,0.2897654383800853,-0.17484467762312306,-0.21776617973337956,0.6284155785206359,-0.5124907321989974
138,-0.8865647289810836,-0.13092392485953064,-0.5956344956890669,0.4799416558813146,-0.13253201806486795,-0.2445276848919326,0.6284155785206359,-0.38696924401030125
139,-0.8804504894708692,-0.13820903134403945,-0.5956344956890669,0.6701178733825355,-0.08704590903974355,-0.2662714078332571,0.6284155785206359,-0.38696924401030125
140,-0.8743362499606548,-0.21134029259237852,-0.5693041996731478,0.4799416558813146,-0.05213796490418276,-0.27853709769759394,0.6284155785206359,-0.5124907321989974
141,-0.8682220104504405,-0.22450952354514453,-0.555740107786159,0.2897654383800853,-0.015114387790709621,-0.2763069722677145,0.6284155785206359,-0.6380122203876935
142,-0.8621077709402262,-0.17463456376658373,-0.557335883302275,0.4799416558813146,0.017677923366938453,-0.25846596882867906,0.6284155785206359,-0.6380122203876935
143,-0.8559935314300118,-0.1676296536853252,-0.5820704038020781,0.6701178733825355,0.04835460154667343,-0.22111136787819863,0.6284155785206359,-0.6380122203876935
144,-0.8498792919197974,-0.15586140474881102,-0.6084006998179972,0.8602940908837649,0.05417259223593351,-0.17427873385073064,0.6284155785206359,-0.5124907321989974
145,-0.843765052409583,-0.05947384203069348,-0.5796767405279035,1.0504703083849858,0.04782569330219535,-0.13023375661061198,0.6039822223510416,-0.38696924401030125
146,-0.8376508128993686,0.0800639667879764,-0.5429739036572282,1.0504703083849858,0.023495914056198525,-0.09956953194976981,0.6284155785206359,-0.38696924401030125
147,-0.8315365733891543,0.030189007009415625,-0.5294098117702399,1.0504703083849858,-0.021461286724447776,-0.08172852851073437,0.6284155785206359,-0.38696924401030125
148,-0.8254223338789399,-0.11971606872951682,-0.5621232098506241,0.8602940908837649,-0.06112940506031209,-0.07336555814868659,0.6284155785206359,-0.5124907321989974
149,-0.8193080943687255,-0.17715633139583692,-0.556537995544217,0.6701178733825355,-0.1087311470633492,-0.07280802679121665,0.6284155785206359,-0.6380122203876935
150,-0.8131938548585111,-0.19340772278435667,-0.43765271959355123,0.6701178733825355,-0.17748921884551425,-0.08284359122567415,0.6284155785206359,-0.6380122203876935
151,-0.8070796153482968,-0.1258803896010245,-0.36025760706191,0.4799416558813146,-0.25682545551724284,-0.1057023768819382,0.6284155785206359,-0.6380122203876935
152,-0.8009653758380825,0.003850545103883604,-0.31398011709453694,0.6701178733825355,-0.3335171509665803,-0.14194191511747892,0.6284155785206359,-0.5124907321989974
153,-0.7948511363278681,0.022903900524906807,-0.2317976780145466,0.8602940908837649,-0.4139112041272655,-0.1837567669277182,0.6284155785206359,-0.38696924401030125
154,-0.7887368968176537,-0.07208268017695892,-0.2677026271271639,1.2406465258862152,-0.4800247346870394,-0.22557161873795747,0.6284155785206359,-0.26144775582160507
155,-0.7826226573074393,-0.1984512580428628,-0.37461958670695683,1.4308227433874359,-0.5339733756238147,-0.2707316586930159,0.6284155785206359,-0.26144775582160507
156,-0.7765084177972249,-0.27886762577571067,-0.5118562810929599,1.4308227433874359,-0.5815751176268519,-0.32313960629518246,0.6284155785206359,-0.26144775582160507
157,-0.7703941782870106,-0.30884864092349723,-0.5525485567539264,1.2406465258862152,-0.6170119700068906,-0.3822379301869873,0.6284155785206359,-0.38696924401030125
158,-0.7642799387767962,-0.2923170531317272,-0.45201469923859805,0.8602940908837649,-0.6466308316976694,-0.44802663036843043,0.6284155785206359,-0.6380122203876935
159,-0.7581656992665818,-0.27914782217896117,-0.39696044393258534,0.6701178733825355,-0.667787161476797,-0.5154879246222832,0.6284155785206359,-0.7635337085763897
160,-0.7520514597563674,-0.2533697530799297,-0.4073329847873416,0.6701178733825355,-0.684183317055621,-0.5690109349393895,0.6284155785206359,-0.7635337085763897
161,-0.745937220246153,-0.18191967025109276,-0.43765271959355123,0.6701178733825355,-0.7016372891234012,-0.6019052850301111,0.6284155785206359,-0.7635337085763897
162,-0.7398229807359388,-0.08357073271022282,-0.5230267097057741,0.8602940908837649,-0.7153889034798343,-0.6191887571116765,0.6284155785206359,-0.7635337085763897
163,-0.7337087412257244,-0.06815993053145412,-0.5932408324148923,1.0504703083849858,-0.7243803436359634,-0.6275517274737243,0.6284155785206359,-0.6380122203876935
164,-0.72759450171551,-0.11271115864825829,-0.6275500060113931,1.2406465258862152,-0.7196201694356597,-0.6381448232656517,0.6284155785206359,-0.6380122203876935
165,-0.7214802622052956,-0.08889446437197944,-0.6554760775434287,1.2406465258862152,-0.7217358024135724,-0.6509680444874585,0.6284155785206359,-0.5124907321989974
166,-0.7153660226950812,-0.09253701761423375,-0.6554760775434287,1.0504703083849858,-0.7296694260807454,-0.648737919057579,0.6284155785206359,-0.6380122203876935
167,-0.7092517831848669,-0.1810790810413417,-0.6291457815275097,0.8602940908837649,-0.7360163250144836,-0.6269941961162546,0.6284155785206359,-0.6380122203876935
168,-0.7031375436746525,-0.27522507253345635,-0.6131880263663463,0.6701178733825355,-0.7391897744813528,-0.6186312257542066,0.6284155785206359,-0.7635337085763897
169,-0.6970233041644381,-0.2550509314994318,-0.5996239344793575,0.6701178733825355,-0.7370741415034401,-0.6359146978357724,0.6284155785206359,-0.7635337085763897
170,-0.6909090646542237,-0.07600542982246371,-0.5876556181084852,0.8602940908837649,-0.7307272425697018,-0.6576584207770968,0.6284155785206359,-0.7635337085763897
171,-0.6847948251440094,0.10275987545125412,-0.6115922508502297,1.0504703083849858,-0.7222647106580506,-0.6543132326322775,0.6284155785206359,-0.7635337085763897
172,-0.6786805856337951,0.1587991561013224,-0.6235605672211025,1.2406465258862152,-0.7053396468347486,-0.6230914766139656,0.6284155785206359,-0.7635337085763897
173,-0.6725663461235807,0.14787149637455907,-0.5876556181084852,1.2406465258862152,-0.68153877583323,-0.5890820638083043,0.6284155785206359,-0.7635337085763897
174,-0.6664521066133663,0.3075834462272537,-0.5876556181084852,1.2406465258862152,-0.640283932763931,-0.5534000569302334,0.6039822223510416,-0.7635337085763897
175,-0.6603378671031519,0.4431985054004188,-0.6307415570436257,1.4308227433874359,-0.5789305764044609,-0.48761135674879036,0.6284155785206359,-0.6380122203876935
176,-0.6542236275929375,0.28124498432172146,-0.6762211592529407,1.6209989608886652,-0.4837270923983867,-0.3939460886938544,0.6284155785206359,-0.6380122203876935
177,-0.6481093880827232,0.039435488316677036,-0.7607972616071056,1.8111751783898862,-0.37477199403587924,-0.3298299825848208,0.6039822223510416,-0.38696924401030125
178,-0.6419951485725088,-0.13092392485953064,-0.8134578536389439,1.8111751783898862,-0.31553427065432205,-0.29916575792397865,0.6284155785206359,-0.26144775582160507
179,-0.6358809090622944,-0.21386206022163168,-0.8006916495100136,2.001351395891107,-0.31288972943193083,-0.2779795663401241,0.6284155785206359,-0.13592626763290888
180,-0.62976666955208,-0.14969708387730335,-0.8310113843162232,2.194069006650243,-0.3890525166367906,-0.24397015353446277,0.6039822223510416,-0.0104047794442128
181,-0.6236524300418657,0.008053491152638684,-0.9315452418315515,2.194069006650243,-0.5196928530229037,-0.19267726864723592,0.6284155785206359,-0.13592626763290888
182,-0.6175381905316514,0.15935954890782295,-0.8342029353484558,2.194069006650243,-0.6773075098774044,-0.14472957190482824,0.6284155785206359,-0.26144775582160507
183,-0.611423951021437,0.35241487074730815,-0.5389844648669376,2.1915276133923363,-0.8767059180456823,-0.1257735057508531,0.6284155785206359,-0.38696924401030125
184,-0.6053097115112226,0.6073935977051188,-0.41052453581957415,1.8111751783898862,-1.075046509725004,-0.1179680667462751,0.6284155785206359,-0.5124907321989974
185,-0.5991954720010082,0.8419179872256546,-0.3099906783042464,1.2406465258862152,-1.2538174963586326,-0.08451618529808369,0.6284155785206359,-0.6380122203876935
186,-0.5930812324907938,0.9741706895598157,-0.052272932451461,1.0504703083849858,-1.3945070893898313,-0.022072673261459647,0.6284155785206359,-0.7635337085763897
187,-0.5869669929805795,0.9680063686883081,0.2309772216591849,0.8602940908837649,-1.468554243616778,0.02643255483841787,0.6039822223510416,-0.7635337085763897
188,-0.5808527534703651,1.1201530156532433,0.46156678373799265,0.6701178733825355,-1.5039910959968168,0.08720347280263228,0.6284155785206359,-0.7635337085763897
189,-0.5747385139601507,1.5743513853220468,0.646676743607486,0.4799416558813146,-1.510337994930555,0.1686030509932314,0.6284155785206359,-0.6380122203876935
190,-0.5686242744499364,1.8430597360391239,0.9466825406373527,0.4799416558813146,-1.4955285640851657,0.21878087316551856,0.6284155785206359,-0.5124907321989974
191,-0.562510034939722,1.8010302755515726,1.302540480731292,0.4799416558813146,-1.4690831518612562,0.2416396588217827,0.6284155785206359,-0.38696924401030125
192,-0.5563957954295077,1.6301104695688646,1.441372950633411,0.09958922087886438,-1.4251837675695662,0.2360643452470841,0.6284155785206359,-0.38696924401030125
193,-0.5502815559192933,1.3347834605430051,1.4206278689238985,-0.28076321412358585,-1.365946044188009,0.2076302460161214,0.6284155785206359,-0.5124907321989974
194,-0.5441673164090789,1.0655147170194266,1.1820594292645095,-0.28076321412358585,-1.2897832569831496,0.17083317642311083,0.6284155785206359,-0.5124907321989974
195,-0.5380530768988645,0.8845078405197063,0.8214141626222223,-0.09058699662236495,-1.194579772977075,0.13180598140022082,0.6284155785206359,-0.26144775582160507
196,-0.5319388373886501,0.7682263331708146,0.432842824447899,0.09958922087886438,-1.1041364631713044,0.09445138044974041,0.6284155785206359,-0.13592626763290888
197,-0.5258245978784358,0.7006989999874824,0.11528349674075175,-0.09058699662236495,-1.047543281012138,0.05542418542685041,0.6284155785206359,-0.13592626763290888
198,-0.5197103583682214,0.7091048920849925,0.03709049645105307,-0.09058699662236495,-1.0406674738339217,0.014166864974080979,0.6284155785206359,-0.26144775582160507
199,-0.513596118858007,0.7942845986730965,0.09134686399900724,-0.09058699662236495,-1.0745176014805258,-0.02541786140627882,0.6284155785206359,-0.26144775582160507
200,-0.5074818793477927,0.8881503937619607,0.18150818065957874,-0.09058699662236495,-1.1284662424173013,-0.05998480556941001,0.6284155785206359,-0.26144775582160507
201,-0.5013676398375784,1.0136783824181137,0.254115966642872,-0.09058699662236495,-1.1824148833540766,-0.08674631072796307,0.6284155785206359,-0.26144775582160507
202,-0.4952534003273639,1.0957759285704638,0.32752164038422266,0.2897654383800853,-1.2263142676457666,-0.09956953194976981,0.6284155785206359,-0.26144775582160507
203,-0.4891391608171496,1.2050525258380969,0.37140546707742117,0.4799416558813146,-1.2564620375810236,-0.0945517497325411,0.6284155785206359,-0.38696924401030125
204,-0.4830249213069352,1.254647289213407,0.3777885691418863,0.2897654383800853,-1.2749738261377601,-0.06667518185904825,0.6284155785206359,-0.6380122203876935
205,-0.47691068179672086,1.1322014609930082,0.40970407946421306,-0.09058699662236495,-1.2892543487386712,-0.02987811226603768,0.6284155785206359,-0.7635337085763897
206,-0.47079644228650647,1.0691572702616814,0.4623646714960512,-0.09058699662236495,-1.3003614218727133,0.0007861123948043988,0.6284155785206359,-0.7635337085763897
207,-0.4646822027762921,1.1605012977212923,0.4950780695764354,0.09958922087886438,-1.3045926878285388,0.01974217854877963,0.6284155785206359,-0.6380122203876935
208,-0.45856796326607774,1.3328220857202524,0.5182168145601225,0.09958922087886438,-1.3030059630951043,0.02754761755335756,0.6284155785206359,-0.6380122203876935
209,-0.45245372375586335,1.3272181576552455,0.6035908046723449,0.2897654383800853,-1.2929567064500185,0.02643255483841787,0.6284155785206359,-0.6380122203876935
210,-0.446339484245649,1.1661052257862994,0.7152950908004875,0.4799416558813146,-1.2696847436929783,0.023644898051068546,0.6284155785206359,-0.6380122203876935
211,-0.4402252447354346,1.0344129162586388,0.7703493461065002,0.2897654383800853,-1.235834616046374,0.025875023480948025,0.6284155785206359,-0.6380122203876935
212,-0.4341110052252202,0.9598806729940481,0.7591789174936859,0.09958922087886438,-1.1903485070212496,0.037025650630345124,0.6284155785206359,-0.7635337085763897
213,-0.4279967657150059,0.9626826370265518,0.6738049273814625,0.09958922087886438,-1.139044407306865,0.0621145617164887,0.6284155785206359,-0.6380122203876935
214,-0.4218825262047915,0.9021602139244778,0.5932182638175892,0.4799416558813146,-1.1057231879047391,0.10392941352672798,0.6284155785206359,-0.5124907321989974
215,-0.41576828669457716,0.8665752707116845,0.5581112024630305,0.8602940908837649,-1.1120700868384774,0.15522229841395482,0.6284155785206359,-0.38696924401030125
216,-0.40965404718436277,0.9041215887472304,0.5573133147049718,0.8602940908837649,-1.1718367184645129,0.19257689936443523,0.6039822223510416,-0.26144775582160507
217,-0.4035398076741484,0.9015998211179772,0.5469407738502161,0.6701178733825355,-1.2765605508711948,0.2026124637988927,0.6284155785206359,-0.38696924401030125
218,-0.39742556816393404,0.9209333729422506,0.4966738450925514,0.4799416558813146,-1.3934492729008747,0.18365639764491756,0.6284155785206359,-0.5124907321989974
219,-0.39131132865371965,1.1767526891098126,0.4208745080770262,0.09958922087886438,-1.4923551146182967,0.13793882633238927,0.6284155785206359,-0.6380122203876935
220,-0.3851970891435053,1.6869903394286838,0.499067508366726,-0.47093943162481516,-1.5732780760234597,0.06545974986130787,0.6284155785206359,-0.7635337085763897
221,-0.3790828496332909,2.1173720148212083,0.717688754074662,-0.661115649126036,-1.6356892488718864,-0.036568488555676015,0.6039822223510416,-0.7635337085763897
222,-0.3729686101230765,2.5230964067277024,1.0296628674754016,-0.8512918666272654,-1.6827620826304452,-0.16480070077374306,0.6284155785206359,-0.7635337085763897
223,-0.3668543706128622,2.9414296367804624,1.439777175117295,-0.8512918666272654,-1.7208434762328748,-0.28690006805964174,0.6039822223510416,-0.7635337085763897
224,-0.3607401311026478,3.1075861039079142,1.8291464010496759,-0.8512918666272654,-1.7494045214346974,-0.34655592330891644,0.5795488661814474,-0.7635337085763897
225,-0.35462589159243346,2.9688888842989956,2.115588106192555,-0.8512918666272654,-1.7663295852579997,-0.3259272630825318,0.5551155100118511,-0.7635337085763897
226,-0.34851165208221907,2.7052240688404243,2.1574941056042496,-0.661115649126036,-1.7663649252143891,-0.27240425276542546,0.5551155100118511,-0.7635337085763897
227,-0.3423974125720047,2.490873820353913,2.1574941056042496,-0.661115649126036,-1.7663649252143891,-0.25846596882867906,0.5551155100118511,-0.7635337085763897
228,-0.33628317306179034,2.5116083541944385,2.1574941056042496,-0.661115649126036,-1.7610405028132177,-0.2930329129918102,0.5551155100118511,-0.7635337085763897
229,-0.33016893355157595,2.6550689126586136,2.1574941056042496,-0.661115649126036,-1.750991246168132,-0.3532462995985548,0.5551155100118511,-0.7635337085763897
230,-0.3240546940413616,2.832433235916079,2.1574941056042496,-0.661115649126036,-1.742528714256481,-0.3989638709110831,0.5551155100118511,-0.7635337085763897
231,-0.3179404545311472,2.883148784904391,2.1574941056042496,-0.661115649126036,-1.735123998833786,-0.4190349997799979,0.5551155100118511,-0.7635337085763897
232,-0.31182621502093283,2.7749929732497596,2.1570782696115787,-0.661115649126036,-1.729306008144526,-0.43353081507421426,0.5551155100118511,-0.7635337085763897
233,-0.3057119755107185,2.8032928099780436,2.115588106192555,-0.8512918666272654,-1.7250747421887007,-0.4502567557983098,0.5551155100118511,-0.7635337085763897
234,-0.2995977360005041,2.9285406022309464,2.074895830531588,-1.0414680841284862,-1.7219012927218313,-0.45304441258565914,0.5551155100118511,-0.7635337085763897
235,-0.29348349649028976,2.9075258719871706,2.0860662591444026,-1.2316443016297156,-1.7203145679883967,-0.430185626929395,0.5551155100118511,-0.7635337085763897
236,-0.28736925698007537,2.82486793302832,2.1100028918861473,-1.0414680841284862,-1.7192567514994406,-0.418477468422528,0.5551155100118511,-0.7635337085763897
237,-0.281255017469861,2.830191664690077,2.098832463273333,-1.0414680841284862,-1.7187278432549624,-0.4056542472007214,0.5551155100118511,-0.7635337085763897
238,-0.27514077795964664,3.0854505880511374,2.0860662591444026,-1.0414680841284862,-1.7203145679883967,-0.34042307837674807,0.5551155100118511,-0.7635337085763897
239,-0.26902653844943225,3.1679269461119293,2.0804810448379962,-1.0414680841284862,-1.7224302009663095,-0.2467578103218121,0.5551155100118511,-0.7635337085763897
240,-0.2629122989392179,3.1672679378002373,2.055746524338193,-1.4218205191309365,-1.7245458339442226,-0.19267726864723592,0.5551155100118511,-0.7635337085763897
241,-0.2567980594290035,3.066117036226864,2.029416228322274,-1.4218205191309365,-1.7271903751666133,-0.18096911014036898,0.5551155100118511,-0.7635337085763897
242,-0.2506838199187892,3.002232256285786,2.055746524338193,-1.4218205191309365,-1.728777099900048,-0.18821701778747707,0.5551155100118511,-0.7635337085763897
243,-0.2445695804085748,2.962724563427488,2.0804810448379962,-1.2316443016297156,-1.728777099900048,-0.19825258222193448,0.5551155100118511,-0.7635337085763897
244,-0.23845534089836043,3.1129098355696705,2.0860662591444026,-1.4218205191309365,-1.728777099900048,-0.19825258222193448,0.5551155100118511,-0.8890551967650858
245,-0.23234110138814604,3.1679269461119293,2.10042823878945,-1.611996736632166,-1.7271903751666133,-0.1898896118598867,0.5551155100118511,-0.8890551967650858
246,-0.22622686187793167,2.9327435482797015,2.1283543103214853,-1.4218205191309365,-1.724016925699744,-0.17985404742542918,0.5551155100118511,-0.8890551967650858
247,-0.2201126223677173,2.6665569651918775,2.1427162899665326,-1.0414680841284862,-1.7192567514994406,-0.17595132792314028,0.5551155100118511,-0.7635337085763897
248,-0.21399838285750294,2.723717031454947,2.1427162899665326,-0.661115649126036,-1.7134387608101804,-0.17595132792314028,0.5551155100118511,-0.6380122203876935
249,-0.20788414334728858,2.851206394933852,2.1259606470473105,-0.661115649126036,-1.7086785866098766,-0.1787389847104895,0.5551155100118511,-0.6380122203876935
250,-0.2017699038370742,2.8265491114478216,2.082076820354112,-0.8512918666272654,-1.7049762288985293,-0.184871829642658,0.5551155100118511,-0.7635337085763897
251,-0.19565566432685982,2.8245877366250696,2.0246289017739247,-1.0414680841284862,-1.703918412409573,-0.19936764493687426,0.5551155100118511,-0.7635337085763897
252,-0.18954142481664546,2.885670552533644,1.9607978811292723,-1.0414680841284862,-1.703918412409573,-0.22557161873795747,0.5551155100118511,-0.7635337085763897
253,-0.1834271853064311,2.9013615511156634,1.8778175542912234,-1.0414680841284862,-1.7044473206540511,-0.25846596882867906,0.5551155100118511,-0.7635337085763897
254,-0.17731294579621673,2.723717031454947,1.8052097683079313,-0.8512918666272654,-1.703918412409573,-0.29805069520903893,0.5551155100118511,-0.7635337085763897
255,-0.17119870628600234,2.6438610565286,1.80600765606599,-0.8512918666272654,-1.703918412409573,-0.34767098602385627,0.5551155100118511,-0.7635337085763897
256,-0.16508446677578797,2.88202799929139,1.8315400643238504,-0.8512918666272654,-1.703918412409573,-0.4067693099156611,0.5551155100118511,-0.7635337085763897
257,-0.1589702272655736,3.043981520370087,1.8921795339362708,-0.8512918666272654,-1.707091861876442,-0.4714429473821645,0.5551155100118511,-0.7635337085763897
258,-0.15285598775535925,2.853447966159855,1.9623936566453883,-0.8512918666272654,-1.712380944321224,-0.5377891789210774,0.5551155100118511,-0.7635337085763897
259,-0.14674174824514488,2.6794459997413926,2.0182457997094594,-0.8512918666272654,-1.7197856597439187,-0.6102682553921589,0.5551155100118511,-0.7635337085763897
260,-0.1406275087349305,2.778355330088763,2.0286183405642153,-0.661115649126036,-1.7277192834110915,-0.6927828962976977,0.5551155100118511,-0.7635337085763897
261,-0.13451326922471613,2.7867612221862736,1.948031677000341,-0.661115649126036,-1.7361818153227426,-0.7725098804158873,0.5551155100118511,-0.7635337085763897
262,-0.12839902971450176,2.6054741492833027,1.8546788093075375,-0.661115649126036,-1.7462310719678282,-0.8349533924525113,0.5551155100118511,-0.7635337085763897
263,-0.1222847902042874,2.637416539253841,1.8530830337914204,-0.8512918666272654,-1.7599826863242611,-0.8879188714121476,0.5551155100118511,-0.7635337085763897
264,-0.11617055069407302,2.872501321580878,1.8514872582753044,-0.8512918666272654,-1.7663649252143891,-0.9442295385166031,0.5551155100118511,-0.7635337085763897
265,-0.11005631118385865,3.149335367992215,1.3480200829406064,-1.0414680841284862,-1.7663649252143891,-1.0050004564808177,0.5551155100118511,-0.7635337085763897
266,-0.10394207167364429,3.1679269461119293,0.4448111408187718,-1.0414680841284862,-1.7663649252143891,-1.0629837176576828,0.5551155100118511,-0.7635337085763897
267,-0.09782783216342991,3.1679269461119293,0.3897568855127591,-1.0414680841284862,-1.7663649252143891,-1.1098163516851507,0.5551155100118511,-0.8890551967650858
268,-0.09171359265321555,3.1679269461119293,0.5980055903659384,-1.0414680841284862,-1.7615694110576956,-1.1577640484275584,0.5551155100118511,-0.8890551967650858
269,-0.08559935314300117,3.1679269461119293,0.6562513967041831,-0.47093943162481516,-1.7160833020325712,-1.2140747155320142,0.5551155100118511,-0.7635337085763897
270,-0.0794851136327868,3.152417528427969,0.7759345604129068,0.6701178733825355,-1.6536721291841447,-1.26871278856406,0.5551155100118511,-0.7635337085763897
271,-0.07337087412257244,2.4981589268384217,0.8676916525895955,1.4308227433874359,-1.5790960667127198,-1.3138728285191186,0.5551155100118511,-0.7635337085763897
272,-0.06725663461235806,1.4695579305064188,0.7719451216226162,1.8111751783898862,-1.4807191332397764,-1.3434219904650209,0.5551155100118511,-0.7635337085763897
273,-0.0611423951021437,0.5479919602160465,0.4384280387543067,2.1915276133923363,-1.3384428154751429,-1.3445370531799605,0.5551155100118511,-0.6380122203876935
274,-0.05502815559192933,0.11985185604952492,-0.05706025899981013,2.194069006650243,-1.1215904352390849,-1.316102953948998,0.5551155100118511,-0.6380122203876935
275,-0.048913916081714956,0.09519457256349481,-0.07381590191903095,2.194069006650243,-0.8232861853533852,-1.2614648809169517,0.5551155100118511,-0.6380122203876935
276,-0.042799676571500585,0.0764214135457221,0.14480534378890397,2.194069006650243,-0.49271853255451564,-1.198463837522858,0.5551155100118511,-0.6380122203876935
277,-0.03668543706128622,-0.019966149172395448,-0.22222302491784832,2.1915276133923363,-0.18912520022403437,-1.1388079822735833,0.5551155100118511,-0.7635337085763897
278,-0.03057119755107185,0.019261347282652296,-0.5389844648669376,2.001351395891107,0.024553730545154695,-1.0869575660288866,0.5551155100118511,-0.7635337085763897
279,-0.024456958040857478,0.1052816430805071,-0.5828682915601361,1.8111751783898862,0.11393922386196921,-1.046257776933587,0.5551155100118511,-0.8890551967650858
280,-0.01834271853064311,0.09799653659599827,-0.60281548551159,1.8111751783898862,0.17211913075457028,-1.011690832770456,0.5551155100118511,-0.8890551967650858
281,-0.012228479020428739,0.06437296820595743,-0.647497199962847,1.4308227433874359,0.29799929294037947,-0.9860443903268424,0.5551155100118511,-0.7635337085763897
282,-0.0061142395102143695,-0.0011929901546225321,-0.7384564043814771,0.8602940908837649,0.45984521575070597,-0.9832567335394933,0.5551155100118511,-0.7635337085763897
283,0.0,-0.14129119177979318,-0.8621290068804914,0.4799416558813146,0.6724663300309385,-1.0122483641279258,0.5551155100118511,-0.6380122203876935
284,0.0061142395102143695,-0.2329154156426549,-0.9506945480249469,0.2897654383800853,0.9792331118282894,-1.0724617507346703,0.5551155100118511,-0.5124907321989974
285,0.012228479020428739,-0.25252916387017865,-0.955481874573296,0.2897654383800853,1.2897022513369873,-1.1454983585632217,0.5551155100118511,-0.5124907321989974
286,0.01834271853064311,-0.3290227819575218,-0.9586734256055286,0.4799416558813146,1.5568009147984736,-1.1917734612332198,0.45738208533347424,-0.38696924401030125
287,0.024456958040857478,-0.4181252381911304,-0.955481874573296,0.4799416558813146,1.667371009859527,-1.175605051866594,0.38408201682468945,-0.38696924401030125
288,0.03057119755107185,-0.4769664828737021,-0.930747354073493,0.4799416558813146,1.667371009859527,-1.1036835067529824,0.38408201682468945,-0.5124907321989974
289,0.03668543706128622,-0.5206771217807553,-0.9275558030412604,0.09958922087886438,1.5663212631990815,-1.0284167734945515,0.38408201682468945,-0.38696924401030125
290,0.042799676571500585,-0.5198365325710044,-0.9251621397670858,-0.09058699662236495,1.4097644228335364,-0.9776814199647946,0.38408201682468945,-0.38696924401030125
291,0.048913916081714956,-0.4822902145354586,-0.8892571906544691,0.09958922087886438,1.2981647832486383,-0.9358665681545554,0.38408201682468945,-0.38696924401030125
292,0.05502815559192933,-0.4198064166106325,-0.8996297315092248,0.4799416558813146,1.2288778032219951,-0.9202556901453993,0.38408201682468945,-0.5124907321989974
293,0.0611423951021437,-0.332385138796526,-0.9403220071701912,0.8602940908837649,1.1257406955487481,-0.9314063172947966,0.38408201682468945,-0.6380122203876935
294,0.06725663461235806,-0.28503194664721837,-0.928353690799319,1.2406465258862152,0.9712994881611167,-0.9570527597384099,0.35964866065509526,-0.6380122203876935
295,0.07337087412257244,-0.35059790500779814,-0.9427156704443658,1.4308227433874359,0.7660830893035785,-0.9888320471141917,0.35964866065509526,-0.7635337085763897
296,0.0794851136327868,-0.40551640004486506,-0.9371304561379586,1.6209989608886652,0.5534619750233456,-1.0256291167072022,0.35964866065509526,-0.7635337085763897
297,0.08559935314300117,-0.25897368114493663,-0.8836719763480619,1.8111751783898862,0.39584731816884483,-1.0618686549427432,0.38408201682468945,-0.7635337085763897
298,0.09171359265321555,-0.07516484061271266,-0.8421818129290375,1.4308227433874359,0.3064618248520307,-1.093090410961055,0.38408201682468945,-0.8890551967650858
299,0.09782783216342991,-0.006236525413128668,-0.8214367312195255,1.0504703083849858,0.2927102104955975,-1.1226395729069576,0.35964866065509526,-0.8890551967650858
300,0.10394207167364429,-0.01268104268788643,-0.8062768638164207,0.6701178733825355,0.324444705164289,-1.1622242992873173,0.38408201682468945,-0.7635337085763897
301,0.11005631118385865,-0.04742539669092881,-0.759999373849047,0.4799416558813146,0.382095703812412,-1.2174199036768332,0.38408201682468945,-0.6380122203876935
302,0.11617055069407302,-0.05611148519168945,-0.7033493430269183,0.6701178733825355,0.43657325299366573,-1.280420947070927,0.38408201682468945,-0.5124907321989974
303,0.1222847902042874,-0.09225682121098346,-0.6371246591080908,1.2406465258862152,0.495810976375223,-1.342864459107551,0.38408201682468945,-0.5124907321989974
304,0.12839902971450176,-0.17239299254058105,-0.6379225468661494,1.6209989608886652,0.5571643327346929,-1.3980600634970668,0.38408201682468945,-0.5124907321989974
305,0.13451326922471613,-0.24496386098241957,-0.734466965591186,1.4308227433874359,0.6222200468055106,-1.440989978022246,0.38408201682468945,-0.5124907321989974
306,0.1406275087349305,-0.22927286240040037,-0.8142557413970017,1.2406465258862152,0.656599082696593,-1.475556922185377,0.38408201682468945,-0.6380122203876935
307,0.14674174824514488,-0.1962096868168601,-0.844575476203212,1.2406465258862152,0.6402029271177689,-1.506221146846219,0.38408201682468945,-0.6380122203876935
308,0.15285598775535925,-0.24832621782142358,-0.7879254453810827,1.4308227433874359,0.5777917542693424,-1.5318675892898324,0.35964866065509526,-0.5124907321989974
309,0.1589702272655736,-0.321737675473013,-0.6929768021721621,1.6209989608886652,0.46090303223966217,-1.5352127774346516,0.38408201682468945,-0.5124907321989974
310,0.16508446677578797,-0.321737675473013,-0.6387204346242074,1.6209989608886652,0.3001149259182922,-1.5023184273439303,0.35964866065509526,-0.5124907321989974
311,0.17119870628600234,-0.24496386098241957,-0.6650507306401264,1.6209989608886652,0.16101205762052823,-1.4426625720946555,0.35964866065509526,-0.5124907321989974
312,0.17731294579621673,-0.17211279613733077,-0.7552120473006985,1.4308227433874359,0.05311477574697733,-1.3679533701936946,0.38408201682468945,-0.6380122203876935
313,0.1834271853064311,-0.1183150867132652,-0.7831381188327341,1.4308227433874359,0.009215391455287205,-1.2893414487904449,0.38408201682468945,-0.6380122203876935
314,0.18954142481664546,-0.11271115864825829,-0.7217007614622557,1.6209989608886652,0.0012817677881144169,-1.2190924977492428,0.38408201682468945,-0.7635337085763897
315,0.19565566432685982,-0.09225682121098346,-0.6913810266560455,1.6209989608886652,0.02296700581172044,-1.1666845501470762,0.38408201682468945,-0.7635337085763897
316,0.2017699038370742,-0.010159275058633462,-0.6873915878657549,1.2406465258862152,0.03777643665710947,-1.1371353882011737,0.35964866065509526,-0.6380122203876935
317,0.20788414334728858,-0.03761852257716682,-0.6634549551240104,1.0504703083849858,0.05311477574697733,-1.124312166979367,0.35964866065509526,-0.5124907321989974
318,0.21399838285750294,-0.1735137781535824,-0.6929768021721621,0.8602940908837649,0.06739529834788828,-1.120966978834548,0.35964866065509526,-0.38696924401030125
319,0.2201126223677173,-0.3491969229915465,-0.7647867003973962,1.0504703083849858,0.07956018797088688,-1.11316153982997,0.38408201682468945,-0.5124907321989974
320,0.22622686187793167,-0.48201001813220823,-0.8357987108645724,1.4308227433874359,0.09489852706075437,-1.0958780677484043,0.38408201682468945,-0.6380122203876935
321,0.23234110138814604,-0.4946188562784736,-0.9044170580575739,1.8111751783898862,0.08273363743775576,-1.0724617507346703,0.38408201682468945,-0.6380122203876935
322,0.23845534089836043,-0.3500375122012975,-0.8908529661705851,1.6209989608886652,0.013446657411113018,-1.046815308291057,0.35964866065509526,-0.7635337085763897
323,0.2445695804085748,-0.2099393105761269,-0.8230325067356421,1.2406465258862152,-0.09497953270691634,-1.0250715853497325,0.35964866065509526,-0.7635337085763897
324,0.2506838199187892,-0.2427222897564167,-0.7647867003973962,1.0504703083849858,-0.2187440619148128,-1.011690832770456,0.38408201682468945,-0.7635337085763897
325,0.2567980594290035,-0.25869348474168613,-0.7057430063010923,0.8602940908837649,-0.33563278394449303,-1.0094607073405766,0.38408201682468945,-0.7635337085763897
326,0.2629122989392179,-0.17771672420233747,-0.6730296082207081,0.8602940908837649,-0.4308362679505676,-1.0150360209152751,0.38408201682468945,-0.7635337085763897
327,0.26902653844943225,-0.05695207440144051,-0.6411140978983819,0.6701178733825355,-0.501181064466167,-1.0178236777026242,0.38408201682468945,-0.6380122203876935
328,0.27514077795964664,0.035512738671172245,-0.5852619548343106,0.8602940908837649,-0.5339733756238147,-1.0139209582003352,0.38408201682468945,-0.5124907321989974
329,0.281255017469861,0.06577395022220905,-0.5549422200281005,1.0504703083849858,-0.5345022838682929,-1.0050004564808177,0.38408201682468945,-0.5124907321989974
330,0.28736925698007537,0.08622828765948388,-0.5333992505605305,0.8602940908837649,-0.506999055155427,-0.9932922979739507,0.35964866065509526,-0.6380122203876935
331,0.29348349649028976,0.16972681582808571,-0.47914288301257574,1.0504703083849858,-0.4641574873526934,-0.9832567335394933,0.35964866065509526,-0.6380122203876935
332,0.2995977360005041,0.2501431835609336,-0.425684403222679,1.0504703083849858,-0.41602683710517824,-0.9804690767521439,0.26191523597671623,-0.6380122203876935
333,0.3057119755107185,0.1604803345208245,-0.4392484951096678,1.2406465258862152,-0.35731802196809903,-0.987716984399252,0.26191523597671623,-0.6380122203876935
334,0.31182621502093283,0.034672149461421185,-0.49350486265762256,1.2406465258862152,-0.29067558316384673,-1.0038853937658778,0.26191523597671623,-0.5124907321989974
335,0.3179404545311472,-0.07908759025821745,-0.5517506689958679,1.0504703083849858,-0.2139838877145093,-1.0239565226347929,0.26191523597671623,-0.5124907321989974
336,0.3240546940413616,-0.10878840900275369,-0.5972302712051829,0.8602940908837649,-0.12406948615321668,-1.046815308291057,0.26191523597671623,-0.5124907321989974
337,0.33016893355157595,-0.12447940758477267,-0.6291457815275097,0.8602940908837649,-0.04261761650357534,-1.07357681344961,0.26191523597671623,-0.5124907321989974
338,0.33628317306179034,-0.18248006305759334,-0.6754232714948827,0.8602940908837649,0.035660803679196745,-1.1070286948978014,0.26191523597671623,-0.5124907321989974
339,0.3423974125720047,-0.16566827886257282,-0.7312754145589534,0.6701178733825355,0.09860088477210172,-1.1466134212781613,0.26191523597671623,-0.5124907321989974
340,0.34851165208221907,-0.10822801619625293,-0.7751592412521524,0.09958922087886438,0.1546651586867897,-1.182852959513702,0.26191523597671623,-0.5124907321989974
341,0.35462589159243346,-0.135407067311536,-0.7927127719294318,-0.28076321412358585,0.1922176440447413,-1.2140747155320142,0.26191523597671623,-0.5124907321989974
342,0.3607401311026478,-0.2231085415288929,-0.8070747515744787,-0.09058699662236495,0.199622359467436,-1.240836220690567,0.26191523597671623,-0.6380122203876935
343,0.3668543706128622,-0.31753472942425787,-0.8206388434614675,0.2897654383800853,0.17846602968830844,-1.265367600419241,0.26191523597671623,-0.6380122203876935
344,0.3729686101230765,-0.3242594431022661,-0.805478976058362,0.4799416558813146,0.11129468263957802,-1.2977044191524927,0.26191523597671623,-0.6380122203876935
345,0.3790828496332909,-0.28363096463096654,-0.777552904526327,0.8602940908837649,-0.013527663057274987,-1.342306927750081,0.26191523597671623,-0.6380122203876935
346,0.3851970891435053,-0.3052060876812429,-0.7392542921395351,0.8602940908837649,-0.1885962919795559,-1.3930422812798382,0.26191523597671623,-0.6380122203876935
347,0.39131132865371965,-0.3533998690403016,-0.7432437309298262,0.4799416558813146,-0.3895814248812687,-1.4499104797417635,0.26191523597671623,-0.5124907321989974
348,0.39742556816393404,-0.39570952593110303,-0.8389902618968049,0.09958922087886438,-0.5524851641805514,-1.510123866348508,0.26191523597671623,-0.38696924401030125
349,0.4035398076741484,-0.35396026184680224,-0.9275558030412604,-0.09058699662236495,-0.676249693388448,-1.5697797215977827,0.26191523597671623,-0.0104047794442128
350,0.40965404718436277,-0.19761066883311174,-0.9060128335736904,0.09958922087886438,-0.7740977186169135,-1.6294355768470574,0.26191523597671623,0.36615968512187563
351,0.41576828669457716,-0.17603554578283556,-0.8038832005422462,-0.09058699662236495,-0.8380956161987746,-1.6801709303768146,0.26191523597671623,0.36615968512187563
352,0.4218825262047915,-0.36404733236381454,-0.6945725776882781,-0.28076321412358585,-0.8835817252238989,-1.7169679999698249,0.26191523597671623,0.36615968512187563
353,0.4279967657150059,-0.49153669584271986,-0.5030795157543202,-0.09058699662236495,-0.9153162198925903,-1.7331736617976563,0.26191523597671623,0.36615968512187563
354,0.4341110052252202,-0.506387105214988,-0.37461958670695683,0.09958922087886438,-0.9465218063168035,-1.7331364093364507,0.26191523597671623,0.36615968512187563
355,0.4402252447354346,-0.5265612462490125,-0.42009918891627185,-0.28076321412358585,-0.9771984844965387,-1.7191981253997044,0.26191523597671623,0.11511670874448346
356,0.446339484245649,-0.5912866153998413,-0.4360569440774352,-1.2316443016297156,-1.017395511076881,-1.7108351550376566,0.26191523597671623,-0.13592626763290888
357,0.45245372375586335,-0.6226686125638796,-0.49430275041568056,-1.992349171634616,-1.0681707025467875,-1.7214282508295842,0.26191523597671623,-0.26144775582160507
358,0.45856796326607774,-0.6128617384501176,-0.575687301737613,-2.372701606637066,-1.1268795176838666,-1.7331736617976563,0.26191523597671623,-0.38696924401030125
359,0.4646822027762921,-0.5876440621575869,-0.5525485567539264,-2.372701606637066,-1.1755390761758602,-1.7331736617976563,0.26191523597671623,-0.26144775582160507
360,0.47079644228650647,-0.5422522448310316,-0.5669105363989733,-1.992349171634616,-1.2025133966442478,-1.7331736617976563,0.26191523597671623,-0.26144775582160507
361,0.47691068179672086,-0.4657586267436884,-0.5469633424475193,-1.992349171634616,-1.2125626532893337,-1.69801193381585,0.26191523597671623,-0.38696924401030125
362,0.4830249213069352,-0.47808726848670346,-0.46238724009335436,-2.372701606637066,-1.196695405954988,-1.6266479200597082,0.26191523597671623,-0.38696924401030125
363,0.4891391608171496,-0.5456146016700357,-0.40573720927122503,-2.372701606637066,-1.1522671134188198,-1.5725673783851322,0.26191523597671623,-0.26144775582160507
364,0.4952534003273639,-0.5027445519727335,-0.3291399844976418,-2.372701606637066,-1.0967317477486098,-1.5826029428195896,0.26191523597671623,-0.13592626763290888
365,0.5013676398375784,-0.4060767928513657,-0.29243714762696643,-1.992349171634616,-1.0068173461873173,-1.643931392141274,0.26191523597671623,-0.0104047794442128
366,0.5074818793477927,-0.4063569892546161,-0.3020118007236647,-1.611996736632166,-0.8507894140662511,-1.7169679999698249,0.26191523597671623,-0.13592626763290888
367,0.513596118858007,-0.4632368591144353,-0.35626816827161945,-2.182525389135837,-0.6074916216062832,-1.7331736617976563,0.26191523597671623,-0.38696924401030125
368,0.5197103583682214,-0.45875371666242987,-0.40573720927122503,-2.372701606637066,-0.25206528131693895,-1.7331736617976563,0.26191523597671623,-0.26144775582160507
369,0.5258245978784358,-0.41616386336837796,-0.5493570057216939,-1.8021729541333869,0.23400139535851833,-1.6188424810551303,0.26191523597671623,-0.0104047794442128
370,0.5319388373886501,-0.34303260212003894,-0.8413839251709795,-0.8512918666272654,0.8358989775746997,-1.4264941627280294,0.26191523597671623,0.11511670874448346
371,0.5380530768988645,-0.3290227819575218,-0.8685121089449571,-0.09058699662236495,1.3685095797642375,-1.2620224122744217,0.26191523597671623,-0.0104047794442128
372,0.5441673164090789,-0.4660388231469388,-0.6770190470109987,0.09958922087886438,1.667371009859527,-1.1572065170700885,0.26191523597671623,-0.13592626763290888
373,0.5502815559192933,-0.5949291686420958,-0.6355288835919748,0.6701178733825355,1.667371009859527,-1.0869575660288866,0.26191523597671623,-0.26144775582160507
374,0.5563957954295077,-0.535247334749773,-0.7639888126393382,1.2406465258862152,1.664698196672025,-1.0328770243543106,0.26191523597671623,-0.38696924401030125
375,0.562510034939722,-0.31977630065026064,-0.8677142211868986,1.4308227433874359,1.3880791848099308,-0.9983100801911794,0.26191523597671623,-0.5124907321989974
376,0.5686242744499364,-0.17435436736333346,-0.6722317204626501,1.4308227433874359,1.01414105596385,-0.9849293276119027,0.26191523597671623,-0.5124907321989974
377,0.5747385139601507,-0.2886744998894727,-0.13844481032174194,1.8111751783898862,0.657127990941071,-0.9893895784716616,0.26191523597671623,-0.38696924401030125
378,0.5808527534703651,-0.4772466792769524,0.1511884458533691,1.6209989608886652,0.36517063998910987,-1.0144784895578052,0.26191523597671623,-0.5124907321989974
379,0.5869669929805795,-0.5187157469580029,0.11049617019240375,1.0504703083849858,0.14144245257483493,-1.0551782786531048,0.26191523597671623,-0.6380122203876935
380,0.5930812324907938,-0.5206771217807553,-0.22780823922425603,0.4799416558813146,-0.019345653746535057,-1.0847274405990073,0.26191523597671623,-0.7635337085763897
381,0.5991954720010082,-0.5223583002002574,-0.7927127719294318,-0.28076321412358585,-0.15897743028877748,-1.0981081931782837,0.26191523597671623,-0.5124907321989974
382,0.6053097115112226,-0.5517789225415431,-1.0256959972824142,-0.47093943162481516,-0.2637012626954591,-1.096993130463344,0.26191523597671623,-0.38696924401030125
383,0.611423951021437,-0.5949291686420958,-0.7879254453810827,-0.47093943162481516,-0.3287569767662768,-1.0746918761645499,0.26191523597671623,-0.26144775582160507
384,0.6175381905316514,-0.6324754866776415,-0.3546723927555029,-0.47093943162481516,-0.34356640761166585,-1.019496271775034,0.26191523597671623,-0.13592626763290888
385,0.6236524300418657,-0.6627366982286783,-0.3219589946751187,-0.661115649126036,-0.3113030046984962,-0.9564952283809401,0.26191523597671623,-0.0104047794442128
386,0.62976666955208,-0.5772767952373242,-0.48472809731898286,-0.661115649126036,-0.24994964833902625,-0.9425569444441937,0.26191523597671623,-0.0104047794442128
387,0.6358809090622944,-0.49938219513372945,-0.046687718145054444,-0.47093943162481516,-0.19282755793538173,-0.9665307928153976,0.26191523597671623,0.11511670874448346
388,0.6419951485725088,-0.5713926707690672,0.3506603853679086,-0.09058699662236495,-0.1684977786893849,-0.9927347666164807,0.26191523597671623,0.24063819693317953
389,0.6481093880827232,-0.6548911989376688,0.37060757931936256,0.09958922087886438,-0.15527507257743012,-1.0144784895578052,0.26191523597671623,0.24063819693317953
390,0.6542236275929375,-0.6719831795359397,0.3594371507065483,-0.28076321412358585,-0.13041638508695522,-1.0317619616393707,0.26191523597671623,0.36615968512187563
391,0.6603378671031519,-0.6089389888046128,0.6347084272366131,-0.47093943162481516,-0.08969045026213435,-1.0395674006439488,0.26191523597671623,0.36615968512187563
392,0.6664521066133663,-0.5223583002002574,1.1461544801518921,-0.28076321412358585,-0.058484863837921286,-1.0328770243543106,0.26191523597671623,0.24063819693317953
393,0.6725663461235807,-0.5086286764409906,1.3807334810209906,-0.09058699662236495,-0.03151054336953328,-1.0250715853497325,0.26191523597671623,0.11511670874448346
394,0.6786805856337951,-0.5223583002002574,1.4357877363270044,0.4799416558813146,0.013975565655591103,-1.0239565226347929,0.26191523597671623,-0.0104047794442128
395,0.6847948251440094,-0.5422522448310316,1.4349898485689458,0.8602940908837649,0.07056874781475754,-1.0245140539922626,0.26191523597671623,-0.13592626763290888
396,0.6909090646542237,-0.5346869419432724,1.2674334193767332,0.8602940908837649,0.14620262677513882,-1.0139209582003352,0.26191523597671623,-0.13592626763290888
397,0.6970233041644381,-0.5061069088117376,1.0336523062656922,0.4799416558813146,0.20544035015669607,-0.9849293276119027,0.26191523597671623,-0.0104047794442128
398,0.7031375436746525,-0.49321787426222186,0.9307247854761893,-0.09058699662236495,0.24140611078121302,-0.9364240995120253,0.26191523597671623,0.11511670874448346
399,0.7092517831848669,-0.4598745022754313,1.0400354083301573,0.09958922087886438,0.22606777169134554,-0.8706353993305822,0.26191523597671623,0.36615968512187563
400,0.7153660226950812,-0.42597073748214,1.3360517665697347,0.4799416558813146,0.17740821319935188,-0.777527662633116,0.26191523597671623,0.4916811733105719
401,0.7214802622052956,-0.41448268494887597,1.4916398793910746,0.4799416558813146,0.12345957226257663,-0.6593310148495062,0.26191523597671623,0.4916811733105719
402,0.72759450171551,-0.46856059077619183,1.2434967866349873,0.2897654383800853,0.09754306828314517,-0.535559053491198,0.2863485921463105,0.36615968512187563
403,0.7337087412257244,-0.5458947980732861,0.740827499058348,-0.09058699662236495,0.05787494994728085,-0.4151322802777089,0.26191523597671623,0.24063819693317953
404,0.7398229807359388,-0.6181854701118741,0.5756647331403099,-0.47093943162481516,0.020322464589329257,-0.29582056977915944,0.26191523597671623,0.11511670874448346
405,0.745937220246153,-0.6349972543068946,0.7065183254618478,-0.47093943162481516,-0.032568359858489826,-0.1837567669277182,0.26191523597671623,-0.0104047794442128
406,0.7520514597563674,-0.5890450441738386,0.4368322632381896,0.09958922087886438,-0.07488101941674495,-0.09287915566013157,0.26191523597671623,-0.0104047794442128
407,0.7581656992665818,-0.5316047815075187,0.19906171133685926,0.8602940908837649,-0.1087311470633492,-0.019285016474110423,0.26191523597671623,0.24063819693317953
408,0.7642799387767962,-0.5369285131692751,0.15517788464365967,1.2406465258862152,-0.11930931195291317,0.05430912271191072,0.26191523597671623,0.36615968512187563
409,0.7703941782870106,-0.6257507729996333,0.15677366015977678,1.2406465258862152,-0.12935856859799866,0.12901832461287155,0.26191523597671623,0.36615968512187563
410,0.7765084177972249,-0.6834712320692037,0.2150194664980215,0.6701178733825355,-0.15527507257743012,0.20205493244142286,0.26191523597671623,-0.0104047794442128
411,0.7826226573074393,-0.6834712320692037,0.29161669127160533,-0.09058699662236495,-0.18436502602373048,0.2734189461975645,0.26191523597671623,-0.38696924401030125
412,0.7887368968176537,-0.6165042916923721,0.29321246678772134,-0.47093943162481516,-0.19547209915777253,0.33920764637900763,0.26191523597671623,-0.5124907321989974
413,0.7948511363278681,-0.5753154204145718,0.009164424919016855,-0.28076321412358585,-0.2060502640473365,0.3994210329857522,0.26191523597671623,-0.38696924401030125
414,0.8009653758380825,-0.6212676305476278,-0.4974943014479131,-0.09058699662236495,-0.20552135580285805,0.4562892314476776,0.26191523597671623,-0.26144775582160507
415,0.8070796153482968,-0.6305141118548891,-0.732073302317012,-0.09058699662236495,-0.2113393464921181,0.5109273044797236,0.26191523597671623,-0.38696924401030125
416,0.8131938548585111,-0.528522621071765,-0.5349950260766464,-0.09058699662236495,-0.20446353931390188,0.5672379715841791,0.26191523597671623,-0.5124907321989974
417,0.8193080943687255,-0.4234489698528869,-0.11929550412834655,-0.09058699662236495,-0.19600100740225063,0.6241061700461047,0.26191523597671623,-0.38696924401030125
418,0.8254223338789399,-0.38814422304334384,0.11448560898269432,0.2897654383800853,-0.1965299156467291,0.6759565862908014,0.26191523597671623,-0.26144775582160507
419,0.8315365733891543,-0.378337348929582,0.2469349768203483,0.6701178733825355,-0.2060502640473365,0.7149837813136912,0.26191523597671623,-0.38696924401030125
420,0.8376508128993686,-0.44026075404790743,0.5940161515756467,0.6701178733825355,-0.216099520692422,0.7389576296848951,0.2863485921463105,-0.6380122203876935
421,0.843765052409583,-0.5610254038488045,1.2083897252804285,0.6701178733825355,-0.21504170420346547,0.7506657881917621,0.2863485921463105,-0.7635337085763897
422,0.8498792919197974,-0.5954895614485964,1.575418093987182,0.6701178733825355,-0.20710808053629268,0.755126039051521,0.26191523597671623,-0.7635337085763897
423,0.8559935314300118,-0.5472957800895377,1.5977589512128094,0.8602940908837649,-0.1833072095347743,0.7562411017664608,0.26191523597671623,-0.6380122203876935
424,0.8621077709402262,-0.5072276944247389,1.2403052356027553,1.0504703083849858,-0.14469690768786617,0.7456480059745334,0.2863485921463105,-0.5124907321989974
425,0.8682220104504405,-0.5035851411824845,0.522206253350413,0.8602940908837649,-0.10978896355230575,0.7200015635309199,0.26191523597671623,-0.38696924401030125
426,0.8743362499606548,-0.5038653375857349,0.08177221090230898,0.4799416558813146,-0.10344206461856721,0.6865496820827286,0.2863485921463105,-0.38696924401030125
427,0.8804504894708692,-0.4999425879402301,-0.005197554726029402,-0.47093943162481516,-0.13517655928725875,0.6581155828517659,0.2863485921463105,-0.38696924401030125
428,0.8865647289810836,-0.4898555174232178,-0.21185048406309262,-1.2316443016297156,-0.20446353931390188,0.6346992658380319,0.26191523597671623,-0.6380122203876935
429,0.892678968491298,-0.4733239296314477,-0.621166903946928,-1.4218205191309365,-0.28750213369697786,0.6062651666070692,0.26191523597671623,-0.6380122203876935
430,0.8987932080015123,-0.5341265491367717,-0.779148680042443,-0.661115649126036,-0.3890525166367906,0.5772735360186366,0.26191523597671623,-0.5124907321989974
431,0.9049074475117267,-0.592687597416093,-0.7544141595426399,0.2897654383800853,-0.507527963399905,0.552184624932493,0.26191523597671623,-0.38696924401030125
432,0.9110216870219411,-0.5503779405252915,-0.7504247207523493,0.2897654383800853,-0.6048470803838923,0.5343436214934576,0.26191523597671623,-0.38696924401030125
433,0.9171359265321555,-0.5002227843434803,-0.7416479554137096,-0.28076321412358585,-0.6820676840777081,0.5243080570590002,0.26191523597671623,-0.5124907321989974
434,0.9232501660423699,-0.5223583002002574,-0.48791964835121543,-0.8512918666272654,-0.7354874167700055,0.517617680769362,0.26191523597671623,-0.5124907321989974
435,0.9293644055525841,-0.5223583002002574,-0.008389105758262533,-0.8512918666272654,-0.7545281135712203,0.517617680769362,0.26191523597671623,-0.38696924401030125
436,0.9354786450627985,-0.5223583002002574,-0.008389105758262533,-0.661115649126036,-0.7418343157037438,0.5298833706336987,0.23748187980711988,-0.26144775582160507
437,0.9415928845730129,-0.5223583002002574,-0.45999357681917974,-0.661115649126036,-0.7037529221013139,0.5572024071497217,0.23748187980711988,-0.38696924401030125
438,0.9477071240832273,-0.5223583002002574,-0.7169134349139066,-0.661115649126036,-0.6513910058979732,0.5962296021726118,0.23748187980711988,-0.38696924401030125
439,0.9538213635934417,-0.5223583002002574,-0.7759571290102104,-0.47093943162481516,-0.6074916216062832,0.645849892987429,0.23748187980711988,-0.38696924401030125
440,0.959935603103656,-0.5223583002002574,-0.7911169964133152,-0.28076321412358585,-0.5715258609817662,0.7049482168792338,0.23748187980711988,-0.5124907321989974
441,0.9660498426138704,-0.5223583002002574,-0.7967022107197224,-0.09058699662236495,-0.5498406229581604,0.7701793857032071,0.23748187980711988,-0.6380122203876935
442,0.9721640821240848,-0.5223583002002574,-0.819840955703409,-0.09058699662236495,-0.5334444673793365,0.8393132740294694,0.26191523597671623,-0.5124907321989974
443,0.9782783216342992,-0.5223583002002574,-0.8326071598323398,-0.09058699662236495,-0.5419069992909876,0.9062170369258522,0.23748187980711988,-0.38696924401030125
444,0.9843925611445136,-0.5223583002002574,-0.7759571290102104,-0.28076321412358585,-0.5694102280038534,0.9653153608176572,0.26191523597671623,-0.26144775582160507
445,0.9905068006547278,-0.5223583002002574,-0.7185092104300231,-0.47093943162481516,-0.6297057678743673,1.0154931829899443,0.26191523597671623,-0.38696924401030125
446,0.9966210401649422,-0.5223583002002574,-0.6570718530595447,-0.661115649126036,-0.7026951056123576,1.0550779093703042,0.23748187980711988,-0.38696924401030125
447,1.0027352796751567,-0.5223583002002574,-0.5852619548343106,-0.47093943162481516,-0.7740977186169135,1.0913174476058447,0.13974845512874087,-0.5124907321989974
448,1.008849519185371,-0.5223583002002574,-0.5413781281411122,-0.47093943162481516,-0.8365088914653399,1.1342473621310238,0.06644838661995825,-0.5124907321989974
449,1.0149637586955853,-0.5223583002002574,-0.5150478321251925,-0.661115649126036,-0.8761770098012043,1.1821950588734316,0.06644838661995825,-0.6380122203876935
450,1.0210779982057998,-0.5223583002002574,-0.5421760158991702,-0.47093943162481516,-0.8994489725582447,1.235160537833068,0.06644838661995825,-0.6380122203876935
451,1.027192237716014,-0.5223583002002574,-0.6091985875760557,-0.28076321412358585,-0.9137294951591558,1.2914712049375234,0.042015030450361875,-0.6380122203876935
452,1.0333064772262284,-0.5223583002002574,-0.6259542304952765,-0.09058699662236495,-0.9174318528705032,1.3377463076075218,0.01758167428076767,-0.5124907321989974
453,1.0394207167364429,-0.5223583002002574,-0.6291457815275097,0.09958922087886438,-0.9190185776039377,1.3728707831281226,-0.006851681888826535,-0.38696924401030125
454,1.0455349562466572,-0.5223583002002574,-0.6395183223822654,-0.09058699662236495,-0.922720935315285,1.4029774764314948,-0.12901846273679973,-0.26144775582160507
455,1.0516491957568717,-0.5223583002002574,-0.6131880263663463,-0.28076321412358585,-0.9206053023373723,1.4180308230831808,-0.34891866826315193,-0.13592626763290888
456,1.057763435267086,-0.5223583002002574,-0.5892513936246018,-0.8512918666272654,-0.9190185776039377,1.4068801959337838,-1.643886545251673,-0.13592626763290888
457,1.0638776747773002,-0.5223583002002574,-0.6131880263663463,-1.8021729541333869,-0.9221920270708069,1.3695255949833036,-1.8637867507780252,-0.13592626763290888
458,1.0699919142875147,-0.5223583002002574,-0.6395183223822654,-2.372701606637066,-0.9359436414272397,1.3154450533087272,-1.8637867507780252,0.11511670874448346
459,1.076106153797729,-0.5223583002002574,-0.6291457815275097,-2.182525389135837,-0.9613312371621929,1.2591343862042716,-1.8637867507780252,0.7427241496879641
460,1.0822203933079435,-0.5223583002002574,-0.6315394448016837,-1.4218205191309365,-0.9756117597631041,1.2128592835342735,-1.9615201754564042,1.621374567008837
461,1.0883346328181578,-0.5223583002002574,-0.6538803020273122,-1.0414680841284862,-0.9851321081637114,1.1732745571539136,-1.9859535316259984,1.9979390315749255
462,1.094448872328372,-0.5223583002002574,-0.6427098734144979,-0.8512918666272654,-0.9925368235864062,1.1364774875609034,-2.010386887795595,2.1234605197636216
463,1.1005631118385866,-0.5223583002002574,-0.6123901386082883,-0.8512918666272654,-0.9957102730532753,1.1080433883299405,-2.010386887795595,2.1234605197636216
464,1.1066773513488009,-0.5223583002002574,-0.5948366079310083,-0.8512918666272654,-0.9994126307646226,1.0918749789633144,-2.010386887795595,2.1234605197636216
465,1.1127915908590154,-0.5223583002002574,-0.5222288219477161,-0.8512918666272654,-1.0009993554980572,1.081839414528857,-2.010386887795595,2.1234605197636216
466,1.1189058303692296,-0.5223583002002574,-0.4591956890611218,-0.8512918666272654,-0.9972969977867099,1.0718038500943996,-2.010386887795595,2.1234605197636216
467,1.125020069879444,-0.5223583002002574,-0.4679724543997615,-0.8512918666272654,-0.9930657318308844,1.0639984110898217,-1.9859535316259984,2.1234605197636216
468,1.1311343093896584,-0.5223583002002574,-0.5214309341896582,-0.8512918666272654,-0.9935946400753626,1.055635440727774,-2.010386887795595,2.1234605197636216
469,1.1372485488998727,-0.5223583002002574,-0.5493570057216939,-1.2316443016297156,-0.9935946400753626,1.0539628466553643,-2.010386887795595,1.9979390315749255
470,1.1433627884100872,-0.5223583002002574,-0.5517506689958679,-1.2316443016297156,-0.9925368235864062,1.067343599234641,-2.010386887795595,1.9979390315749255
471,1.1494770279203015,-0.5223583002002574,-0.5405802403830536,-1.2316443016297156,-0.9893633741195371,1.0974502925380132,-2.010386887795595,1.9979390315749255
472,1.1555912674305158,-0.5223583002002574,-0.5373886893508211,-1.2316443016297156,-0.9745539432741477,1.1392651443482524,-2.010386887795595,1.9979390315749255
473,1.1617055069407303,-0.5223583002002574,-0.5206330464315996,-1.2316443016297156,-0.9502241640281509,1.1872128410906602,-2.010386887795595,1.9979390315749255
474,1.1678197464509446,-0.5223583002002574,-0.2621174128207568,-1.2316443016297156,-0.920076394092894,1.230700286973309,-2.010386887795595,1.9979390315749255
475,1.173933985961159,-0.5223583002002574,0.22220045632054522,-1.2316443016297156,-0.881466092245986,1.2563467294169226,-2.010386887795595,1.9979390315749255
476,1.1800482254713733,-0.5223583002002574,0.4902907430280863,-1.2316443016297156,-0.8264596348202542,1.2596919175617416,-2.010386887795595,1.9979390315749255
477,1.1861624649815876,-0.5223583002002574,0.4982696206086686,-1.2316443016297156,-0.7518835723488293,1.2479837590548748,-2.010386887795595,1.9979390315749255
478,1.1922767044918021,-0.5223583002002574,0.18948705824016102,-1.2316443016297156,-0.6365815750525837,1.2429659768376458,-2.010386887795595,1.9979390315749255
479,1.1983909440020164,-0.5223583002002574,-0.36504493361025914,-1.2316443016297156,-0.49483416553242876,1.2496563531272842,-2.010386887795595,1.9979390315749255
480,1.204505183512231,-0.5223583002002574,-0.6538803020273122,-1.2316443016297156,-0.34726876532301315,1.258576854846802,-2.010386887795595,1.9979390315749255
481,1.2106194230224452,-0.5223583002002574,-0.7217007614622557,-1.2316443016297156,-0.21028153000316194,1.258576854846802,-2.010386887795595,1.9979390315749255
482,1.2167336625326595,-0.5223583002002574,-0.779946567800501,-1.2316443016297156,-0.09550844095139442,1.2485412904123445,-2.010386887795595,1.9979390315749255
483,1.222847902042874,-0.5223583002002574,-0.864522670154666,-1.2316443016297156,-0.013527663057274987,1.2379481946204174,-2.010386887795595,1.9979390315749255
484,1.2289621415530882,-0.5223583002002574,-0.9036191702995159,-1.2316443016297156,0.03354517070128403,1.234603006475598,-2.010386887795595,1.9979390315749255
485,1.2350763810633028,-0.5223583002002574,-0.8828740885900039,-1.2316443016297156,0.06845311483684483,1.2329304124031883,-2.010386887795595,1.9979390315749255
486,1.241190620573517,-0.5223583002002574,-0.843777588445154,-1.2316443016297156,0.08960944461597238,1.219549659823912,-2.010386887795595,1.9979390315749255
487,1.2473048600837313,-0.5223583002002574,-0.8565437925740843,-1.2316443016297156,0.12716192997392398,1.192230623307889,-2.010386887795595,1.9979390315749255
488,1.2534190995939458,-0.5223583002002574,-0.8916508539286436,-1.2316443016297156,0.13826900310796603,1.1537609596424687,-2.010386887795595,1.9979390315749255
489,1.25953333910416,-0.5223583002002574,-0.8772888742835968,-1.2316443016297156,0.14250026906379146,1.1164063586919886,-2.010386887795595,1.9979390315749255
490,1.2656475786143746,-0.5223583002002574,-0.7839360065907921,-1.2316443016297156,0.14038463608587876,1.0918749789633144,-2.010386887795595,1.9979390315749255
491,1.2717618181245889,-0.5223583002002574,-0.4440358216580169,-1.2316443016297156,0.12980647119631478,1.0885297908184957,-2.010386887795595,1.9979390315749255
492,1.2778760576348032,-0.5223583002002574,0.1527842213694851,-1.2316443016297156,0.13245101241870597,1.1069283256150009,-2.010386887795595,1.9979390315749255
493,1.2839902971450177,-0.5223583002002574,0.4240660591092593,-1.2316443016297156,0.1848129286220466,1.1437253952080113,-2.010386887795595,1.9979390315749255
494,1.290104536655232,-0.5223583002002574,0.41848084480285275,-1.2316443016297156,0.26785152300512255,1.1944607487377683,-2.010386887795595,1.9979390315749255
495,1.2962187761654465,-0.5223583002002574,0.40092731412557225,-1.2316443016297156,0.3942605934354102,1.2524440099146334,-2.010386887795595,1.9979390315749255
496,1.3023330156756607,-0.5223583002002574,0.6331126517204971,-1.2316443016297156,0.5227852968436106,1.3115423338064385,-2.010386887795595,1.9979390315749255
497,1.308447255185875,-0.5223583002002574,1.222751704925476,-1.2316443016297156,0.6491943672738982,1.3739858458430623,-2.010386887795595,1.9979390315749255
498,1.3145614946960895,-0.5223583002002574,1.5427046959067967,-1.2316443016297156,0.7248282462342795,1.4364293578796863,-2.010386887795595,1.9979390315749255
499,1.3206757342063038,-0.5223583002002574,1.5283427162617504,-1.2316443016297156,0.8110402900842247,1.4916249622692022,-2.010386887795595,1.9979390315749255
500,1.3267899737165183,-0.5223583002002574,1.4884483283588426,-1.2316443016297156,0.923168837913601,1.5401301903690796,-2.010386887795595,1.9979390315749255
501,1.3329042132267326,-0.5223583002002574,1.4708947976815632,-1.2316443016297156,1.082899127746015,1.585290230324138,-2.010386887795595,1.9979390315749255
502,1.3390184527369469,-0.5223583002002574,1.4557349302784584,-1.2316443016297156,1.2182996383324318,1.6271050821343773,-2.010386887795595,1.9979390315749255
503,1.3451326922471614,-0.5223583002002574,1.4565328180365158,-1.2316443016297156,1.280710811180858,1.6655747457997976,-2.010386887795595,1.9979390315749255
504,1.3512469317573756,-0.5223583002002574,1.4533412670042838,-1.2316443016297156,1.274892820491598,1.6995841586054588,-2.010386887795595,1.9979390315749255
505,1.3573611712675901,-0.5223583002002574,1.4549370425203998,-1.2316443016297156,1.2272910784885611,1.725788132406542,-2.010386887795595,1.9979390315749255
506,1.3634754107778044,-0.5223583002002574,1.441372950633411,-1.2316443016297156,1.124682879059792,1.740841479058228,-2.010386887795595,1.9979390315749255
507,1.3695896502880187,-0.5223583002002574,1.444564501665644,-1.2316443016297156,1.0294793950537173,1.745859261275457,-2.010386887795595,1.9979390315749255
508,1.3757038897982332,-0.5223583002002574,1.4828631140524349,-1.2316443016297156,0.9787042035838114,1.7497619807777458,-2.010386887795595,1.9979390315749255
509,1.3818181293084475,-0.5223583002002574,1.512384961100587,-1.2316443016297156,0.9432673512037725,1.7586824824972636,-2.010386887795595,1.9979390315749255
510,1.387932368818662,-0.5223583002002574,1.513980736616703,-1.2316443016297156,0.9400939017369032,1.768718046931721,-2.010386887795595,1.9979390315749255
511,1.3940466083288763,-0.5223583002002574,1.513980736616703,-1.2316443016297156,0.9972159921405478,1.77262076643401,-2.010386887795595,1.9979390315749255
512,1.4001608478390906,-0.5223583002002574,1.513980736616703,-1.2316443016297156,1.0924194761466224,1.77262076643401,-2.010386887795595,1.9979390315749255
513,1.406275087349305,-0.5223583002002574,1.513980736616703,-1.2316443016297156,1.2167129135989974,1.7731782977914798,-2.010386887795595,1.9979390315749255
514,1.4123893268595193,-0.5223583002002574,1.513980736616703,-1.2316443016297156,1.3621626808304999,1.7781960800087087,-2.010386887795595,1.9979390315749255
515,1.4185035663697338,-0.5223583002002574,1.513980736616703,-1.2316443016297156,1.4896295677497435,1.780426205438588,-2.010386887795595,1.9979390315749255
516,1.4246178058799481,-0.5223583002002574,1.513980736616703,-1.2316443016297156,1.6112784639797273,1.776523485936299,-2.010386887795595,1.9979390315749255
517,1.4307320453901624,-0.5223583002002574,1.513980736616703,-1.2316443016297156,1.667371009859527,1.7776385486512387,-2.010386887795595,1.9979390315749255
518,1.436846284900377,-0.5223583002002574,1.513980736616703,-1.2316443016297156,1.667371009859527,1.7854439876558166,-2.010386887795595,1.9979390315749255
519,1.4429605244105912,-0.5223583002002574,1.513980736616703,-1.2316443016297156,1.6673427378944157,1.797152146162684,-2.010386887795595,1.9979390315749255
520,1.4490747639208057,-0.5223583002002574,1.513980736616703,-1.2316443016297156,1.5996424826012072,1.81276302417184,-2.010386887795595,1.9979390315749255
521,1.45518900343102,-0.5223583002002574,1.513980736616703,-1.2316443016297156,1.4557794401031394,1.8261437767511164,-2.010386887795595,1.9979390315749255
522,1.4613032429412343,-0.5223583002002574,1.513980736616703,-1.2316443016297156,1.2918178843149004,1.8345067471131644,-2.010386887795595,1.9979390315749255
523,1.4674174824514488,-0.5223583002002574,1.513980736616703,-1.2316443016297156,1.165937722129091,1.8389669979729233,-2.010386887795595,1.9979390315749255
524,1.473531721961663,-0.5223583002002574,1.513980736616703,-1.2316443016297156,1.0204879548975885,1.8417546547602723,-2.010386887795595,1.9979390315749255
525,1.4796459614718775,-0.5223583002002574,1.513980736616703,-1.2316443016297156,0.8988390586676043,1.8439847801901517,-2.010386887795595,1.9979390315749255
526,1.4857602009820918,-0.5223583002002574,1.513980736616703,-1.2316443016297156,0.7904128685495753,1.8467724369775014,-2.010386887795595,1.9979390315749255
527,1.491874440492306,-0.5223583002002574,1.513980736616703,-1.2316443016297156,0.63121148696164,1.8411971234028022,-2.010386887795595,1.9979390315749255
528,1.4979886800025206,-0.5223583002002574,1.513980736616703,-1.2316443016297156,0.5264876545549579,1.807187710597141,-2.010386887795595,1.9979390315749255
529,1.504102919512735,-0.5223583002002574,1.513980736616703,-1.2316443016297156,0.4915797104193975,1.7308059146237706,-2.010386887795595,1.9979390315749255
530,1.5102171590229494,-0.5223583002002574,1.513980736616703,-1.2316443016297156,0.4788859125519208,1.6337954584240157,-2.010386887795595,1.9979390315749255
531,1.5163313985331637,-0.5223583002002574,1.513980736616703,-1.2316443016297156,0.4926375269083537,1.5339973454369114,-2.010386887795595,1.9979390315749255
532,1.522445638043378,-0.5223583002002574,1.513980736616703,-1.2316443016297156,0.5106204072206124,1.433084169734867,-2.010386887795595,1.9979390315749255
533,1.5285598775535925,-0.5223583002002574,1.513980736616703,-1.2316443016297156,0.5333634617331745,1.3444366838971598,-2.010386887795595,1.9979390315749255
534,1.5346741170638067,-0.5223583002002574,1.513980736616703,-1.2316443016297156,0.5555776080012587,1.2797630464306566,-2.010386887795595,1.9979390315749255
535,1.5407883565740212,-0.5223583002002574,1.513980736616703,-1.2316443016297156,0.5608666904460403,1.2463111649824652,-2.010386887795595,1.9979390315749255
536,1.5469025960842355,-0.5223583002002574,1.513980736616703,-1.2316443016297156,0.5656268646463442,1.2490988217698142,-2.010386887795595,1.9979390315749255
537,1.5530168355944498,-0.5223583002002574,1.513980736616703,-1.2316443016297156,0.5751472130469516,1.2769753896433071,-2.010386887795595,1.9979390315749255
538,1.5591310751046643,-0.5223583002002574,1.513980736616703,-1.2316443016297156,0.5783206625138209,1.3154450533087272,-2.010386887795595,1.9979390315749255
539,1.5652453146148786,-0.5223583002002574,1.513980736616703,-1.2316443016297156,0.5809652037362116,1.3561448424040268,-2.010386887795595,1.9979390315749255
540,1.571359554125093,-0.5223583002002574,1.513980736616703,-1.2316443016297156,0.5809652037362116,1.3951720374269168,-2.010386887795595,1.9979390315749255
541,1.5774737936353074,-0.5223583002002574,1.513980736616703,-1.2316443016297156,0.5809652037362116,1.4341992324498067,-2.010386887795595,1.9979390315749255
542,1.5835880331455217,-0.5223583002002574,1.513980736616703,-1.2316443016297156,0.5809652037362116,1.476014084260046,-2.010386887795595,1.9979390315749255
543,1.5897022726557362,-0.5223583002002574,1.513980736616703,-1.2316443016297156,0.5809652037362116,1.5222891869300443,-2.010386887795595,1.9979390315749255
544,1.5958165121659504,-0.5223583002002574,1.513980736616703,-1.2316443016297156,0.5809652037362116,1.57804232267703,-2.010386887795595,1.9979390315749255
545,1.601930751676165,-0.5223583002002574,1.513980736616703,-1.2316443016297156,0.5809652037362116,1.6460611482883525,-2.010386887795595,1.9979390315749255
546,1.6080449911863792,-0.5223583002002574,1.513980736616703,-1.2316443016297156,0.5809652037362116,1.7280182578364216,-2.010386887795595,1.9979390315749255
547,1.6141592306965935,-0.5223583002002574,1.513980736616703,-1.2316443016297156,0.5809652037362116,1.8211259945338873,-2.010386887795595,1.9979390315749255
548,1.620273470206808,-0.5223583002002574,1.513980736616703,-1.2316443016297156,0.5809652037362116,1.9237117643083412,-2.010386887795595,1.9979390315749255
549,1.6263877097170223,-0.5223583002002574,1.513980736616703,-1.2316443016297156,0.5809652037362116,2.027970128155205,-2.010386887795595,1.9979390315749255
550,1.6325019492272368,-0.5223583002002574,1.513980736616703,-1.2316443016297156,0.5809652037362116,2.131113429287128,-2.010386887795595,1.9979390315749255
551,1.638616188737451,-0.5223583002002574,1.513980736616703,-1.2316443016297156,0.5809652037362116,2.2175307896949557,-2.010386887795595,1.9979390315749255
552,1.6447304282476654,-0.5223583002002574,1.513980736616703,-1.2316443016297156,0.5809652037362116,2.276071582229291,-2.010386887795595,1.9979390315749255
553,1.6508446677578799,-0.5223583002002574,1.513980736616703,-1.2316443016297156,0.5809652037362116,2.31788643403953,-2.010386887795595,1.9979390315749255
554,1.6569589072680941,-0.5223583002002574,1.513980736616703,-1.2316443016297156,0.5809652037362116,2.354683503632541,-2.010386887795595,1.9979390315749255
555,1.6630731467783086,-0.5223583002002574,1.513980736616703,-1.2316443016297156,0.5809652037362116,2.3920381045830212,-2.010386887795595,1.9979390315749255
556,1.669187386288523,-0.5223583002002574,1.513980736616703,-1.2316443016297156,0.5809652037362116,2.4310652996059114,-2.010386887795595,1.9979390315749255
557,1.6753016257987372,-0.5223583002002574,1.513980736616703,-1.2316443016297156,0.5809652037362116,2.471207557343741,-2.010386887795595,1.9979390315749255
558,1.6814158653089517,-0.5223583002002574,1.513980736616703,-1.2316443016297156,0.5809652037362116,2.5152525345838597,-2.010386887795595,1.9979390315749255
559,1.687530104819166,-0.5223583002002574,1.513980736616703,-1.2316443016297156,0.5809652037362116,2.5637577626837373,-2.010386887795595,1.9979390315749255
560,1.6936443443293805,-0.5223583002002574,1.513980736616703,-1.2316443016297156,0.5809652037362116,2.6172807730008434,-2.010386887795595,1.9979390315749255
561,1.6937260511130807,-0.5223583002002574,1.513980736616703,-1.2316443016297156,0.5809652037362116,2.618018371732718,-2.010386887795595,1.9979390315749255
562,1.6937260511130807,-0.5223583002002574,1.513980736616703,-1.2316443016297156,0.5809652037362116,2.618018371732718,-2.010386887795595,1.9979390315749255
563,1.6937260511130807,-0.5223583002002574,1.513980736616703,-1.2316443016297156,0.5809652037362116,2.618018371732718,-2.010386887795595,1.9979390315749255
564,1.6937260511130807,-0.5223583002002574,1.513980736616703,-1.2316443016297156,0.5809652037362116,2.618018371732718,-2.010386887795595,1.9979390315749255
565,1.6937260511130807,-0.5223583002002574,1.513980736616703,-1.2316443016297156,0.5809652037362116,2.618018371732718,-2.010386887795595,1.9979390315749255
566,1.6937260511130807,-0.5223583002002574,1.513980736616703,-1.2316443016297156,0.5809652037362116,2.618018371732718,-2.010386887795595,1.9979390315749255
